dateTime,address,enabled,hnprofileId,id,name,priority,topology
2019-03-06 00:45:01,,True,e0e12656-46d6-41dd-bff7-29098a87cdec,3d552507-1860-4ce8-9220-4ce0e867d407,AP-4826,0,"[{'radio': '2.4 GHz', 'apMacAddress': 'b8:ec:a3:2f:bd:34', 'parentMacAddress': '', 'ssidType': 'NORMAL', 'apName': 'AP-4826', 'parentRadio': None, 'apHNRole': '', 'lockToHNGroup': True, 'apPrimMacAddress': 'b8:ec:a3:2f:bd:37', 'apId': '8108662df1b8b8eca32fbd37', 'apSSID': 'APT_4826', 'parentSSID': None, 'backhaulConnection': 'Wired'}, {'radio': '5 GHz', 'apMacAddress': '04:bf:6d:5e:12:71', 'parentMacAddress': '', 'ssidType': 'NORMAL', 'apName': 'AP-4826_Bridge', 'parentRadio': None, 'apHNRole': '', 'lockToHNGroup': True, 'apPrimMacAddress': '04:bf:6d:5e:12:73', 'apId': '8108662df1b804bf6d5e1273', 'apSSID': 'APT_4826', 'parentSSID': None, 'backhaulConnection': 'Wired'}]"
2019-03-06 00:45:01,,True,e0e12656-46d6-41dd-bff7-29098a87cdec,f85598b0-b2f1-4cd3-bbe0-51ff5fb65c13,AP-4832,0,"[{'radio': '2.4 GHz', 'apMacAddress': '04:bf:6d:5e:12:b0', 'parentMacAddress': '', 'ssidType': 'NORMAL', 'apName': 'AP-4832', 'parentRadio': None, 'apHNRole': '', 'lockToHNGroup': True, 'apPrimMacAddress': '04:bf:6d:5e:12:b3', 'apId': '8108662df1b804bf6d5e12b3', 'apSSID': 'APT_4832', 'parentSSID': None, 'backhaulConnection': 'Wired'}, {'radio': '2.4 GHz', 'apMacAddress': '04:bf:6d:5e:12:74', 'parentMacAddress': '', 'ssidType': 'NORMAL', 'apName': 'AP-4832_Bridge', 'parentRadio': None, 'apHNRole': '', 'lockToHNGroup': True, 'apPrimMacAddress': '04:bf:6d:5e:12:77', 'apId': '8108662df1b804bf6d5e1277', 'apSSID': 'APT_4832', 'parentSSID': None, 'backhaulConnection': 'Wired'}]"
2019-03-06 00:45:01,,True,e0e12656-46d6-41dd-bff7-29098a87cdec,2b729697-7e15-44ae-bede-673d634477a5,AP-4834,0,"[{'radio': '2.4 GHz', 'apMacAddress': '04:bf:6d:5e:26:7c', 'parentMacAddress': '', 'ssidType': 'NORMAL', 'apName': 'AP-4834', 'parentRadio': None, 'apHNRole': '', 'lockToHNGroup': True, 'apPrimMacAddress': '04:bf:6d:5e:26:7f', 'apId': '8108662df1b804bf6d5e267f', 'apSSID': 'APT_4834', 'parentSSID': None, 'backhaulConnection': 'Wired'}, {'radio': '5 GHz', 'apMacAddress': '04:bf:6d:5e:12:a9', 'parentMacAddress': '', 'ssidType': 'NORMAL', 'apName': 'AP-4834_Bridge', 'parentRadio': None, 'apHNRole': '', 'lockToHNGroup': True, 'apPrimMacAddress': '04:bf:6d:5e:12:ab', 'apId': '8108662df1b804bf6d5e12ab', 'apSSID': 'APT_4834', 'parentSSID': None, 'backhaulConnection': 'Wired'}]"
2019-03-06 00:45:01,,True,e0e12656-46d6-41dd-bff7-29098a87cdec,9117647e-f0d5-4dba-b93f-5c7de5432f2d,AP-4836,0,"[{'radio': '2.4 GHz', 'apMacAddress': '04:bf:6d:5e:26:80', 'parentMacAddress': '', 'ssidType': 'NORMAL', 'apName': 'AP-4836', 'parentRadio': None, 'apHNRole': '', 'lockToHNGroup': True, 'apPrimMacAddress': '04:bf:6d:5e:26:83', 'apId': '8108662df1b804bf6d5e2683', 'apSSID': 'APT_4836', 'parentSSID': None, 'backhaulConnection': 'Wired'}, {'radio': '2.4 GHz', 'apMacAddress': '04:bf:6d:5e:12:ac', 'parentMacAddress': '', 'ssidType': 'NORMAL', 'apName': 'AP-4836_Bridge', 'parentRadio': None, 'apHNRole': '', 'lockToHNGroup': True, 'apPrimMacAddress': '04:bf:6d:5e:12:af', 'apId': '8108662df1b804bf6d5e12af', 'apSSID': 'APT_4836', 'parentSSID': None, 'backhaulConnection': 'Wired'}]"
2019-03-06 00:45:01,,True,e0e12656-46d6-41dd-bff7-29098a87cdec,fd37fa7e-bc41-4554-86fe-dbc64bbf7872,AP-4840,0,"[{'radio': '2.4 GHz', 'apMacAddress': 'b8:ec:a3:2f:bd:38', 'parentMacAddress': '', 'ssidType': 'NORMAL', 'apName': 'AP-4840', 'parentRadio': None, 'apHNRole': '', 'lockToHNGroup': True, 'apPrimMacAddress': 'b8:ec:a3:2f:bd:3b', 'apId': '8108662df1b8b8eca32fbd3b', 'apSSID': 'APT_4840', 'parentSSID': None, 'backhaulConnection': 'Wired'}, {'radio': '2.4 GHz', 'apMacAddress': '04:bf:6d:5e:12:98', 'parentMacAddress': '', 'ssidType': 'NORMAL', 'apName': 'AP-4840_Bridge', 'parentRadio': None, 'apHNRole': '', 'lockToHNGroup': True, 'apPrimMacAddress': '04:bf:6d:5e:12:9b', 'apId': '8108662df1b804bf6d5e129b', 'apSSID': 'APT_4840', 'parentSSID': None, 'backhaulConnection': 'Wired'}]"
2019-03-06 01:45:01,,True,e0e12656-46d6-41dd-bff7-29098a87cdec,3d552507-1860-4ce8-9220-4ce0e867d407,AP-4826,0,"[{'parentSSID': None, 'backhaulConnection': 'Wired', 'apId': '8108662df1b8b8eca32fbd37', 'lockToHNGroup': True, 'apName': 'AP-4826', 'apMacAddress': 'b8:ec:a3:2f:bd:34', 'parentMacAddress': '', 'apSSID': 'APT_4826', 'radio': '2.4 GHz', 'ssidType': 'NORMAL', 'apPrimMacAddress': 'b8:ec:a3:2f:bd:37', 'apHNRole': '', 'parentRadio': None}, {'parentSSID': None, 'backhaulConnection': 'Wired', 'apId': '8108662df1b804bf6d5e1273', 'lockToHNGroup': True, 'apName': 'AP-4826_Bridge', 'apMacAddress': '04:bf:6d:5e:12:71', 'parentMacAddress': '', 'apSSID': 'APT_4826', 'radio': '5 GHz', 'ssidType': 'NORMAL', 'apPrimMacAddress': '04:bf:6d:5e:12:73', 'apHNRole': '', 'parentRadio': None}]"
2019-03-06 01:45:01,,True,e0e12656-46d6-41dd-bff7-29098a87cdec,f85598b0-b2f1-4cd3-bbe0-51ff5fb65c13,AP-4832,0,"[{'parentSSID': None, 'backhaulConnection': 'Wired', 'apId': '8108662df1b804bf6d5e12b3', 'lockToHNGroup': True, 'apName': 'AP-4832', 'apMacAddress': '04:bf:6d:5e:12:b0', 'parentMacAddress': '', 'apSSID': 'APT_4832', 'radio': '2.4 GHz', 'ssidType': 'NORMAL', 'apPrimMacAddress': '04:bf:6d:5e:12:b3', 'apHNRole': '', 'parentRadio': None}, {'parentSSID': None, 'backhaulConnection': 'Wired', 'apId': '8108662df1b804bf6d5e1277', 'lockToHNGroup': True, 'apName': 'AP-4832_Bridge', 'apMacAddress': '04:bf:6d:5e:12:74', 'parentMacAddress': '', 'apSSID': 'APT_4832', 'radio': '2.4 GHz', 'ssidType': 'NORMAL', 'apPrimMacAddress': '04:bf:6d:5e:12:77', 'apHNRole': '', 'parentRadio': None}]"
2019-03-06 01:45:01,,True,e0e12656-46d6-41dd-bff7-29098a87cdec,2b729697-7e15-44ae-bede-673d634477a5,AP-4834,0,"[{'parentSSID': None, 'backhaulConnection': 'Wired', 'apId': '8108662df1b804bf6d5e267f', 'lockToHNGroup': True, 'apName': 'AP-4834', 'apMacAddress': '04:bf:6d:5e:26:7c', 'parentMacAddress': '', 'apSSID': 'APT_4834', 'radio': '2.4 GHz', 'ssidType': 'NORMAL', 'apPrimMacAddress': '04:bf:6d:5e:26:7f', 'apHNRole': '', 'parentRadio': None}, {'parentSSID': None, 'backhaulConnection': 'Wired', 'apId': '8108662df1b804bf6d5e12ab', 'lockToHNGroup': True, 'apName': 'AP-4834_Bridge', 'apMacAddress': '04:bf:6d:5e:12:a9', 'parentMacAddress': '', 'apSSID': 'APT_4834', 'radio': '5 GHz', 'ssidType': 'NORMAL', 'apPrimMacAddress': '04:bf:6d:5e:12:ab', 'apHNRole': '', 'parentRadio': None}]"
2019-03-06 01:45:01,,True,e0e12656-46d6-41dd-bff7-29098a87cdec,9117647e-f0d5-4dba-b93f-5c7de5432f2d,AP-4836,0,"[{'parentSSID': None, 'backhaulConnection': 'Wired', 'apId': '8108662df1b804bf6d5e2683', 'lockToHNGroup': True, 'apName': 'AP-4836', 'apMacAddress': '04:bf:6d:5e:26:80', 'parentMacAddress': '', 'apSSID': 'APT_4836', 'radio': '2.4 GHz', 'ssidType': 'NORMAL', 'apPrimMacAddress': '04:bf:6d:5e:26:83', 'apHNRole': '', 'parentRadio': None}, {'parentSSID': None, 'backhaulConnection': 'Wired', 'apId': '8108662df1b804bf6d5e12af', 'lockToHNGroup': True, 'apName': 'AP-4836_Bridge', 'apMacAddress': '04:bf:6d:5e:12:ac', 'parentMacAddress': '', 'apSSID': 'APT_4836', 'radio': '2.4 GHz', 'ssidType': 'NORMAL', 'apPrimMacAddress': '04:bf:6d:5e:12:af', 'apHNRole': '', 'parentRadio': None}]"
2019-03-06 01:45:01,,True,e0e12656-46d6-41dd-bff7-29098a87cdec,fd37fa7e-bc41-4554-86fe-dbc64bbf7872,AP-4840,0,"[{'parentSSID': None, 'backhaulConnection': 'Wired', 'apId': '8108662df1b8b8eca32fbd3b', 'lockToHNGroup': True, 'apName': 'AP-4840', 'apMacAddress': 'b8:ec:a3:2f:bd:38', 'parentMacAddress': '', 'apSSID': 'APT_4840', 'radio': '2.4 GHz', 'ssidType': 'NORMAL', 'apPrimMacAddress': 'b8:ec:a3:2f:bd:3b', 'apHNRole': '', 'parentRadio': None}, {'parentSSID': None, 'backhaulConnection': 'Wired', 'apId': '8108662df1b804bf6d5e129b', 'lockToHNGroup': True, 'apName': 'AP-4840_Bridge', 'apMacAddress': '04:bf:6d:5e:12:98', 'parentMacAddress': '', 'apSSID': 'APT_4840', 'radio': '2.4 GHz', 'ssidType': 'NORMAL', 'apPrimMacAddress': '04:bf:6d:5e:12:9b', 'apHNRole': '', 'parentRadio': None}]"
2019-03-06 02:45:02,,True,e0e12656-46d6-41dd-bff7-29098a87cdec,3d552507-1860-4ce8-9220-4ce0e867d407,AP-4826,0,"[{'backhaulConnection': 'Wired', 'apName': 'AP-4826', 'apPrimMacAddress': 'b8:ec:a3:2f:bd:37', 'parentSSID': None, 'radio': '2.4 GHz', 'apHNRole': '', 'apId': '8108662df1b8b8eca32fbd37', 'apMacAddress': 'b8:ec:a3:2f:bd:34', 'ssidType': 'NORMAL', 'parentMacAddress': '', 'lockToHNGroup': True, 'apSSID': 'APT_4826', 'parentRadio': None}, {'backhaulConnection': 'Wired', 'apName': 'AP-4826_Bridge', 'apPrimMacAddress': '04:bf:6d:5e:12:73', 'parentSSID': None, 'radio': '5 GHz', 'apHNRole': '', 'apId': '8108662df1b804bf6d5e1273', 'apMacAddress': '04:bf:6d:5e:12:71', 'ssidType': 'NORMAL', 'parentMacAddress': '', 'lockToHNGroup': True, 'apSSID': 'APT_4826', 'parentRadio': None}]"
2019-03-06 02:45:02,,True,e0e12656-46d6-41dd-bff7-29098a87cdec,f85598b0-b2f1-4cd3-bbe0-51ff5fb65c13,AP-4832,0,"[{'backhaulConnection': 'Wired', 'apName': 'AP-4832', 'apPrimMacAddress': '04:bf:6d:5e:12:b3', 'parentSSID': None, 'radio': '2.4 GHz', 'apHNRole': '', 'apId': '8108662df1b804bf6d5e12b3', 'apMacAddress': '04:bf:6d:5e:12:b0', 'ssidType': 'NORMAL', 'parentMacAddress': '', 'lockToHNGroup': True, 'apSSID': 'APT_4832', 'parentRadio': None}, {'backhaulConnection': 'Wired', 'apName': 'AP-4832_Bridge', 'apPrimMacAddress': '04:bf:6d:5e:12:77', 'parentSSID': None, 'radio': '2.4 GHz', 'apHNRole': '', 'apId': '8108662df1b804bf6d5e1277', 'apMacAddress': '04:bf:6d:5e:12:74', 'ssidType': 'NORMAL', 'parentMacAddress': '', 'lockToHNGroup': True, 'apSSID': 'APT_4832', 'parentRadio': None}]"
2019-03-06 02:45:02,,True,e0e12656-46d6-41dd-bff7-29098a87cdec,2b729697-7e15-44ae-bede-673d634477a5,AP-4834,0,"[{'backhaulConnection': 'Wired', 'apName': 'AP-4834', 'apPrimMacAddress': '04:bf:6d:5e:26:7f', 'parentSSID': None, 'radio': '2.4 GHz', 'apHNRole': '', 'apId': '8108662df1b804bf6d5e267f', 'apMacAddress': '04:bf:6d:5e:26:7c', 'ssidType': 'NORMAL', 'parentMacAddress': '', 'lockToHNGroup': True, 'apSSID': 'APT_4834', 'parentRadio': None}, {'backhaulConnection': 'Wired', 'apName': 'AP-4834_Bridge', 'apPrimMacAddress': '04:bf:6d:5e:12:ab', 'parentSSID': None, 'radio': '5 GHz', 'apHNRole': '', 'apId': '8108662df1b804bf6d5e12ab', 'apMacAddress': '04:bf:6d:5e:12:a9', 'ssidType': 'NORMAL', 'parentMacAddress': '', 'lockToHNGroup': True, 'apSSID': 'APT_4834', 'parentRadio': None}]"
2019-03-06 02:45:02,,True,e0e12656-46d6-41dd-bff7-29098a87cdec,9117647e-f0d5-4dba-b93f-5c7de5432f2d,AP-4836,0,"[{'backhaulConnection': 'Wired', 'apName': 'AP-4836', 'apPrimMacAddress': '04:bf:6d:5e:26:83', 'parentSSID': None, 'radio': '2.4 GHz', 'apHNRole': '', 'apId': '8108662df1b804bf6d5e2683', 'apMacAddress': '04:bf:6d:5e:26:80', 'ssidType': 'NORMAL', 'parentMacAddress': '', 'lockToHNGroup': True, 'apSSID': 'APT_4836', 'parentRadio': None}, {'backhaulConnection': 'Wired', 'apName': 'AP-4836_Bridge', 'apPrimMacAddress': '04:bf:6d:5e:12:af', 'parentSSID': None, 'radio': '2.4 GHz', 'apHNRole': '', 'apId': '8108662df1b804bf6d5e12af', 'apMacAddress': '04:bf:6d:5e:12:ac', 'ssidType': 'NORMAL', 'parentMacAddress': '', 'lockToHNGroup': True, 'apSSID': 'APT_4836', 'parentRadio': None}]"
2019-03-06 02:45:02,,True,e0e12656-46d6-41dd-bff7-29098a87cdec,fd37fa7e-bc41-4554-86fe-dbc64bbf7872,AP-4840,0,"[{'backhaulConnection': 'Wired', 'apName': 'AP-4840', 'apPrimMacAddress': 'b8:ec:a3:2f:bd:3b', 'parentSSID': None, 'radio': '2.4 GHz', 'apHNRole': '', 'apId': '8108662df1b8b8eca32fbd3b', 'apMacAddress': 'b8:ec:a3:2f:bd:38', 'ssidType': 'NORMAL', 'parentMacAddress': '', 'lockToHNGroup': True, 'apSSID': 'APT_4840', 'parentRadio': None}, {'backhaulConnection': 'Wired', 'apName': 'AP-4840_Bridge', 'apPrimMacAddress': '04:bf:6d:5e:12:9b', 'parentSSID': None, 'radio': '2.4 GHz', 'apHNRole': '', 'apId': '8108662df1b804bf6d5e129b', 'apMacAddress': '04:bf:6d:5e:12:98', 'ssidType': 'NORMAL', 'parentMacAddress': '', 'lockToHNGroup': True, 'apSSID': 'APT_4840', 'parentRadio': None}]"
2019-03-06 03:45:01,,True,e0e12656-46d6-41dd-bff7-29098a87cdec,3d552507-1860-4ce8-9220-4ce0e867d407,AP-4826,0,"[{'ssidType': 'NORMAL', 'apMacAddress': 'b8:ec:a3:2f:bd:34', 'apId': '8108662df1b8b8eca32fbd37', 'parentSSID': None, 'lockToHNGroup': True, 'apPrimMacAddress': 'b8:ec:a3:2f:bd:37', 'apSSID': 'APT_4826', 'radio': '2.4 GHz', 'apName': 'AP-4826', 'apHNRole': '', 'parentRadio': None, 'parentMacAddress': '', 'backhaulConnection': 'Wired'}, {'ssidType': 'NORMAL', 'apMacAddress': '04:bf:6d:5e:12:71', 'apId': '8108662df1b804bf6d5e1273', 'parentSSID': None, 'lockToHNGroup': True, 'apPrimMacAddress': '04:bf:6d:5e:12:73', 'apSSID': 'APT_4826', 'radio': '5 GHz', 'apName': 'AP-4826_Bridge', 'apHNRole': '', 'parentRadio': None, 'parentMacAddress': '', 'backhaulConnection': 'Wired'}]"
2019-03-06 03:45:01,,True,e0e12656-46d6-41dd-bff7-29098a87cdec,f85598b0-b2f1-4cd3-bbe0-51ff5fb65c13,AP-4832,0,"[{'ssidType': 'NORMAL', 'apMacAddress': '04:bf:6d:5e:12:b0', 'apId': '8108662df1b804bf6d5e12b3', 'parentSSID': None, 'lockToHNGroup': True, 'apPrimMacAddress': '04:bf:6d:5e:12:b3', 'apSSID': 'APT_4832', 'radio': '2.4 GHz', 'apName': 'AP-4832', 'apHNRole': '', 'parentRadio': None, 'parentMacAddress': '', 'backhaulConnection': 'Wired'}, {'ssidType': 'NORMAL', 'apMacAddress': '04:bf:6d:5e:12:74', 'apId': '8108662df1b804bf6d5e1277', 'parentSSID': None, 'lockToHNGroup': True, 'apPrimMacAddress': '04:bf:6d:5e:12:77', 'apSSID': 'APT_4832', 'radio': '2.4 GHz', 'apName': 'AP-4832_Bridge', 'apHNRole': '', 'parentRadio': None, 'parentMacAddress': '', 'backhaulConnection': 'Wired'}]"
2019-03-06 03:45:01,,True,e0e12656-46d6-41dd-bff7-29098a87cdec,2b729697-7e15-44ae-bede-673d634477a5,AP-4834,0,"[{'ssidType': 'NORMAL', 'apMacAddress': '04:bf:6d:5e:26:7c', 'apId': '8108662df1b804bf6d5e267f', 'parentSSID': None, 'lockToHNGroup': True, 'apPrimMacAddress': '04:bf:6d:5e:26:7f', 'apSSID': 'APT_4834', 'radio': '2.4 GHz', 'apName': 'AP-4834', 'apHNRole': '', 'parentRadio': None, 'parentMacAddress': '', 'backhaulConnection': 'Wired'}, {'ssidType': 'NORMAL', 'apMacAddress': '04:bf:6d:5e:12:a9', 'apId': '8108662df1b804bf6d5e12ab', 'parentSSID': None, 'lockToHNGroup': True, 'apPrimMacAddress': '04:bf:6d:5e:12:ab', 'apSSID': 'APT_4834', 'radio': '5 GHz', 'apName': 'AP-4834_Bridge', 'apHNRole': '', 'parentRadio': None, 'parentMacAddress': '', 'backhaulConnection': 'Wired'}]"
2019-03-06 03:45:01,,True,e0e12656-46d6-41dd-bff7-29098a87cdec,9117647e-f0d5-4dba-b93f-5c7de5432f2d,AP-4836,0,"[{'ssidType': 'NORMAL', 'apMacAddress': '04:bf:6d:5e:26:80', 'apId': '8108662df1b804bf6d5e2683', 'parentSSID': None, 'lockToHNGroup': True, 'apPrimMacAddress': '04:bf:6d:5e:26:83', 'apSSID': 'APT_4836', 'radio': '2.4 GHz', 'apName': 'AP-4836', 'apHNRole': '', 'parentRadio': None, 'parentMacAddress': '', 'backhaulConnection': 'Wired'}, {'ssidType': 'NORMAL', 'apMacAddress': '04:bf:6d:5e:12:ac', 'apId': '8108662df1b804bf6d5e12af', 'parentSSID': None, 'lockToHNGroup': True, 'apPrimMacAddress': '04:bf:6d:5e:12:af', 'apSSID': 'APT_4836', 'radio': '2.4 GHz', 'apName': 'AP-4836_Bridge', 'apHNRole': '', 'parentRadio': None, 'parentMacAddress': '', 'backhaulConnection': 'Wired'}]"
2019-03-06 03:45:01,,True,e0e12656-46d6-41dd-bff7-29098a87cdec,fd37fa7e-bc41-4554-86fe-dbc64bbf7872,AP-4840,0,"[{'ssidType': 'NORMAL', 'apMacAddress': 'b8:ec:a3:2f:bd:38', 'apId': '8108662df1b8b8eca32fbd3b', 'parentSSID': None, 'lockToHNGroup': True, 'apPrimMacAddress': 'b8:ec:a3:2f:bd:3b', 'apSSID': 'APT_4840', 'radio': '2.4 GHz', 'apName': 'AP-4840', 'apHNRole': '', 'parentRadio': None, 'parentMacAddress': '', 'backhaulConnection': 'Wired'}, {'ssidType': 'NORMAL', 'apMacAddress': '04:bf:6d:5e:12:98', 'apId': '8108662df1b804bf6d5e129b', 'parentSSID': None, 'lockToHNGroup': True, 'apPrimMacAddress': '04:bf:6d:5e:12:9b', 'apSSID': 'APT_4840', 'radio': '2.4 GHz', 'apName': 'AP-4840_Bridge', 'apHNRole': '', 'parentRadio': None, 'parentMacAddress': '', 'backhaulConnection': 'Wired'}]"
2019-03-06 04:45:02,,True,e0e12656-46d6-41dd-bff7-29098a87cdec,3d552507-1860-4ce8-9220-4ce0e867d407,AP-4826,0,"[{'apPrimMacAddress': 'b8:ec:a3:2f:bd:37', 'parentSSID': None, 'apSSID': 'APT_4826', 'apName': 'AP-4826', 'apId': '8108662df1b8b8eca32fbd37', 'apMacAddress': 'b8:ec:a3:2f:bd:34', 'radio': '2.4 GHz', 'parentMacAddress': '', 'parentRadio': None, 'apHNRole': '', 'ssidType': 'NORMAL', 'backhaulConnection': 'Wired', 'lockToHNGroup': True}, {'apPrimMacAddress': '04:bf:6d:5e:12:73', 'parentSSID': None, 'apSSID': 'APT_4826', 'apName': 'AP-4826_Bridge', 'apId': '8108662df1b804bf6d5e1273', 'apMacAddress': '04:bf:6d:5e:12:71', 'radio': '5 GHz', 'parentMacAddress': '', 'parentRadio': None, 'apHNRole': '', 'ssidType': 'NORMAL', 'backhaulConnection': 'Wired', 'lockToHNGroup': True}]"
2019-03-06 04:45:02,,True,e0e12656-46d6-41dd-bff7-29098a87cdec,f85598b0-b2f1-4cd3-bbe0-51ff5fb65c13,AP-4832,0,"[{'apPrimMacAddress': '04:bf:6d:5e:12:b3', 'parentSSID': None, 'apSSID': 'APT_4832', 'apName': 'AP-4832', 'apId': '8108662df1b804bf6d5e12b3', 'apMacAddress': '04:bf:6d:5e:12:b0', 'radio': '2.4 GHz', 'parentMacAddress': '', 'parentRadio': None, 'apHNRole': '', 'ssidType': 'NORMAL', 'backhaulConnection': 'Wired', 'lockToHNGroup': True}, {'apPrimMacAddress': '04:bf:6d:5e:12:77', 'parentSSID': None, 'apSSID': 'APT_4832', 'apName': 'AP-4832_Bridge', 'apId': '8108662df1b804bf6d5e1277', 'apMacAddress': '04:bf:6d:5e:12:74', 'radio': '2.4 GHz', 'parentMacAddress': '', 'parentRadio': None, 'apHNRole': '', 'ssidType': 'NORMAL', 'backhaulConnection': 'Wired', 'lockToHNGroup': True}]"
2019-03-06 04:45:02,,True,e0e12656-46d6-41dd-bff7-29098a87cdec,2b729697-7e15-44ae-bede-673d634477a5,AP-4834,0,"[{'apPrimMacAddress': '04:bf:6d:5e:26:7f', 'parentSSID': None, 'apSSID': 'APT_4834', 'apName': 'AP-4834', 'apId': '8108662df1b804bf6d5e267f', 'apMacAddress': '04:bf:6d:5e:26:7c', 'radio': '2.4 GHz', 'parentMacAddress': '', 'parentRadio': None, 'apHNRole': '', 'ssidType': 'NORMAL', 'backhaulConnection': 'Wired', 'lockToHNGroup': True}, {'apPrimMacAddress': '04:bf:6d:5e:12:ab', 'parentSSID': None, 'apSSID': 'APT_4834', 'apName': 'AP-4834_Bridge', 'apId': '8108662df1b804bf6d5e12ab', 'apMacAddress': '04:bf:6d:5e:12:a9', 'radio': '5 GHz', 'parentMacAddress': '', 'parentRadio': None, 'apHNRole': '', 'ssidType': 'NORMAL', 'backhaulConnection': 'Wired', 'lockToHNGroup': True}]"
2019-03-06 04:45:02,,True,e0e12656-46d6-41dd-bff7-29098a87cdec,9117647e-f0d5-4dba-b93f-5c7de5432f2d,AP-4836,0,"[{'apPrimMacAddress': '04:bf:6d:5e:26:83', 'parentSSID': None, 'apSSID': 'APT_4836', 'apName': 'AP-4836', 'apId': '8108662df1b804bf6d5e2683', 'apMacAddress': '04:bf:6d:5e:26:80', 'radio': '2.4 GHz', 'parentMacAddress': '', 'parentRadio': None, 'apHNRole': '', 'ssidType': 'NORMAL', 'backhaulConnection': 'Wired', 'lockToHNGroup': True}, {'apPrimMacAddress': '04:bf:6d:5e:12:af', 'parentSSID': None, 'apSSID': 'APT_4836', 'apName': 'AP-4836_Bridge', 'apId': '8108662df1b804bf6d5e12af', 'apMacAddress': '04:bf:6d:5e:12:ac', 'radio': '2.4 GHz', 'parentMacAddress': '', 'parentRadio': None, 'apHNRole': '', 'ssidType': 'NORMAL', 'backhaulConnection': 'Wired', 'lockToHNGroup': True}]"
2019-03-06 04:45:02,,True,e0e12656-46d6-41dd-bff7-29098a87cdec,fd37fa7e-bc41-4554-86fe-dbc64bbf7872,AP-4840,0,"[{'apPrimMacAddress': 'b8:ec:a3:2f:bd:3b', 'parentSSID': None, 'apSSID': 'APT_4840', 'apName': 'AP-4840', 'apId': '8108662df1b8b8eca32fbd3b', 'apMacAddress': 'b8:ec:a3:2f:bd:38', 'radio': '2.4 GHz', 'parentMacAddress': '', 'parentRadio': None, 'apHNRole': '', 'ssidType': 'NORMAL', 'backhaulConnection': 'Wired', 'lockToHNGroup': True}, {'apPrimMacAddress': '04:bf:6d:5e:12:9b', 'parentSSID': None, 'apSSID': 'APT_4840', 'apName': 'AP-4840_Bridge', 'apId': '8108662df1b804bf6d5e129b', 'apMacAddress': '04:bf:6d:5e:12:98', 'radio': '2.4 GHz', 'parentMacAddress': '', 'parentRadio': None, 'apHNRole': '', 'ssidType': 'NORMAL', 'backhaulConnection': 'Wired', 'lockToHNGroup': True}]"
2019-03-06 05:45:01,,True,e0e12656-46d6-41dd-bff7-29098a87cdec,3d552507-1860-4ce8-9220-4ce0e867d407,AP-4826,0,"[{'apSSID': 'APT_4826', 'apPrimMacAddress': 'b8:ec:a3:2f:bd:37', 'apId': '8108662df1b8b8eca32fbd37', 'apName': 'AP-4826', 'backhaulConnection': 'Wired', 'parentRadio': None, 'parentMacAddress': '', 'lockToHNGroup': True, 'parentSSID': None, 'radio': '2.4 GHz', 'apHNRole': '', 'ssidType': 'NORMAL', 'apMacAddress': 'b8:ec:a3:2f:bd:34'}, {'apSSID': 'APT_4826', 'apPrimMacAddress': '04:bf:6d:5e:12:73', 'apId': '8108662df1b804bf6d5e1273', 'apName': 'AP-4826_Bridge', 'backhaulConnection': 'Wired', 'parentRadio': None, 'parentMacAddress': '', 'lockToHNGroup': True, 'parentSSID': None, 'radio': '5 GHz', 'apHNRole': '', 'ssidType': 'NORMAL', 'apMacAddress': '04:bf:6d:5e:12:71'}]"
2019-03-06 05:45:01,,True,e0e12656-46d6-41dd-bff7-29098a87cdec,f85598b0-b2f1-4cd3-bbe0-51ff5fb65c13,AP-4832,0,"[{'apSSID': 'APT_4832', 'apPrimMacAddress': '04:bf:6d:5e:12:b3', 'apId': '8108662df1b804bf6d5e12b3', 'apName': 'AP-4832', 'backhaulConnection': 'Wired', 'parentRadio': None, 'parentMacAddress': '', 'lockToHNGroup': True, 'parentSSID': None, 'radio': '2.4 GHz', 'apHNRole': '', 'ssidType': 'NORMAL', 'apMacAddress': '04:bf:6d:5e:12:b0'}, {'apSSID': 'APT_4832', 'apPrimMacAddress': '04:bf:6d:5e:12:77', 'apId': '8108662df1b804bf6d5e1277', 'apName': 'AP-4832_Bridge', 'backhaulConnection': 'Wired', 'parentRadio': None, 'parentMacAddress': '', 'lockToHNGroup': True, 'parentSSID': None, 'radio': '2.4 GHz', 'apHNRole': '', 'ssidType': 'NORMAL', 'apMacAddress': '04:bf:6d:5e:12:74'}]"
2019-03-06 05:45:01,,True,e0e12656-46d6-41dd-bff7-29098a87cdec,2b729697-7e15-44ae-bede-673d634477a5,AP-4834,0,"[{'apSSID': 'APT_4834', 'apPrimMacAddress': '04:bf:6d:5e:26:7f', 'apId': '8108662df1b804bf6d5e267f', 'apName': 'AP-4834', 'backhaulConnection': 'Wired', 'parentRadio': None, 'parentMacAddress': '', 'lockToHNGroup': True, 'parentSSID': None, 'radio': '2.4 GHz', 'apHNRole': '', 'ssidType': 'NORMAL', 'apMacAddress': '04:bf:6d:5e:26:7c'}, {'apSSID': 'APT_4834', 'apPrimMacAddress': '04:bf:6d:5e:12:ab', 'apId': '8108662df1b804bf6d5e12ab', 'apName': 'AP-4834_Bridge', 'backhaulConnection': 'Wired', 'parentRadio': None, 'parentMacAddress': '', 'lockToHNGroup': True, 'parentSSID': None, 'radio': '5 GHz', 'apHNRole': '', 'ssidType': 'NORMAL', 'apMacAddress': '04:bf:6d:5e:12:a9'}]"
2019-03-06 05:45:01,,True,e0e12656-46d6-41dd-bff7-29098a87cdec,9117647e-f0d5-4dba-b93f-5c7de5432f2d,AP-4836,0,"[{'apSSID': 'APT_4836', 'apPrimMacAddress': '04:bf:6d:5e:26:83', 'apId': '8108662df1b804bf6d5e2683', 'apName': 'AP-4836', 'backhaulConnection': 'Wired', 'parentRadio': None, 'parentMacAddress': '', 'lockToHNGroup': True, 'parentSSID': None, 'radio': '2.4 GHz', 'apHNRole': '', 'ssidType': 'NORMAL', 'apMacAddress': '04:bf:6d:5e:26:80'}, {'apSSID': 'APT_4836', 'apPrimMacAddress': '04:bf:6d:5e:12:af', 'apId': '8108662df1b804bf6d5e12af', 'apName': 'AP-4836_Bridge', 'backhaulConnection': 'Wired', 'parentRadio': None, 'parentMacAddress': '', 'lockToHNGroup': True, 'parentSSID': None, 'radio': '2.4 GHz', 'apHNRole': '', 'ssidType': 'NORMAL', 'apMacAddress': '04:bf:6d:5e:12:ac'}]"
2019-03-06 05:45:01,,True,e0e12656-46d6-41dd-bff7-29098a87cdec,fd37fa7e-bc41-4554-86fe-dbc64bbf7872,AP-4840,0,"[{'apSSID': 'APT_4840', 'apPrimMacAddress': 'b8:ec:a3:2f:bd:3b', 'apId': '8108662df1b8b8eca32fbd3b', 'apName': 'AP-4840', 'backhaulConnection': 'Wired', 'parentRadio': None, 'parentMacAddress': '', 'lockToHNGroup': True, 'parentSSID': None, 'radio': '2.4 GHz', 'apHNRole': '', 'ssidType': 'NORMAL', 'apMacAddress': 'b8:ec:a3:2f:bd:38'}, {'apSSID': 'APT_4840', 'apPrimMacAddress': '04:bf:6d:5e:12:9b', 'apId': '8108662df1b804bf6d5e129b', 'apName': 'AP-4840_Bridge', 'backhaulConnection': 'Wired', 'parentRadio': None, 'parentMacAddress': '', 'lockToHNGroup': True, 'parentSSID': None, 'radio': '2.4 GHz', 'apHNRole': '', 'ssidType': 'NORMAL', 'apMacAddress': '04:bf:6d:5e:12:98'}]"
2019-03-06 06:45:01,,True,e0e12656-46d6-41dd-bff7-29098a87cdec,3d552507-1860-4ce8-9220-4ce0e867d407,AP-4826,0,"[{'apMacAddress': 'b8:ec:a3:2f:bd:34', 'backhaulConnection': 'Wired', 'apSSID': 'APT_4826', 'parentSSID': None, 'apId': '8108662df1b8b8eca32fbd37', 'ssidType': 'NORMAL', 'parentRadio': None, 'radio': '2.4 GHz', 'parentMacAddress': '', 'lockToHNGroup': True, 'apPrimMacAddress': 'b8:ec:a3:2f:bd:37', 'apHNRole': '', 'apName': 'AP-4826'}, {'apMacAddress': '04:bf:6d:5e:12:71', 'backhaulConnection': 'Wired', 'apSSID': 'APT_4826', 'parentSSID': None, 'apId': '8108662df1b804bf6d5e1273', 'ssidType': 'NORMAL', 'parentRadio': None, 'radio': '5 GHz', 'parentMacAddress': '', 'lockToHNGroup': True, 'apPrimMacAddress': '04:bf:6d:5e:12:73', 'apHNRole': '', 'apName': 'AP-4826_Bridge'}]"
2019-03-06 06:45:01,,True,e0e12656-46d6-41dd-bff7-29098a87cdec,f85598b0-b2f1-4cd3-bbe0-51ff5fb65c13,AP-4832,0,"[{'apMacAddress': '04:bf:6d:5e:12:b0', 'backhaulConnection': 'Wired', 'apSSID': 'APT_4832', 'parentSSID': None, 'apId': '8108662df1b804bf6d5e12b3', 'ssidType': 'NORMAL', 'parentRadio': None, 'radio': '2.4 GHz', 'parentMacAddress': '', 'lockToHNGroup': True, 'apPrimMacAddress': '04:bf:6d:5e:12:b3', 'apHNRole': '', 'apName': 'AP-4832'}, {'apMacAddress': '04:bf:6d:5e:12:74', 'backhaulConnection': 'Wired', 'apSSID': 'APT_4832', 'parentSSID': None, 'apId': '8108662df1b804bf6d5e1277', 'ssidType': 'NORMAL', 'parentRadio': None, 'radio': '2.4 GHz', 'parentMacAddress': '', 'lockToHNGroup': True, 'apPrimMacAddress': '04:bf:6d:5e:12:77', 'apHNRole': '', 'apName': 'AP-4832_Bridge'}]"
2019-03-06 06:45:01,,True,e0e12656-46d6-41dd-bff7-29098a87cdec,2b729697-7e15-44ae-bede-673d634477a5,AP-4834,0,"[{'apMacAddress': '04:bf:6d:5e:26:7c', 'backhaulConnection': 'Wired', 'apSSID': 'APT_4834', 'parentSSID': None, 'apId': '8108662df1b804bf6d5e267f', 'ssidType': 'NORMAL', 'parentRadio': None, 'radio': '2.4 GHz', 'parentMacAddress': '', 'lockToHNGroup': True, 'apPrimMacAddress': '04:bf:6d:5e:26:7f', 'apHNRole': '', 'apName': 'AP-4834'}, {'apMacAddress': '04:bf:6d:5e:12:a9', 'backhaulConnection': 'Wired', 'apSSID': 'APT_4834', 'parentSSID': None, 'apId': '8108662df1b804bf6d5e12ab', 'ssidType': 'NORMAL', 'parentRadio': None, 'radio': '5 GHz', 'parentMacAddress': '', 'lockToHNGroup': True, 'apPrimMacAddress': '04:bf:6d:5e:12:ab', 'apHNRole': '', 'apName': 'AP-4834_Bridge'}]"
2019-03-06 06:45:01,,True,e0e12656-46d6-41dd-bff7-29098a87cdec,9117647e-f0d5-4dba-b93f-5c7de5432f2d,AP-4836,0,"[{'apMacAddress': '04:bf:6d:5e:26:80', 'backhaulConnection': 'Wired', 'apSSID': 'APT_4836', 'parentSSID': None, 'apId': '8108662df1b804bf6d5e2683', 'ssidType': 'NORMAL', 'parentRadio': None, 'radio': '2.4 GHz', 'parentMacAddress': '', 'lockToHNGroup': True, 'apPrimMacAddress': '04:bf:6d:5e:26:83', 'apHNRole': '', 'apName': 'AP-4836'}, {'apMacAddress': '04:bf:6d:5e:12:ac', 'backhaulConnection': 'Wired', 'apSSID': 'APT_4836', 'parentSSID': None, 'apId': '8108662df1b804bf6d5e12af', 'ssidType': 'NORMAL', 'parentRadio': None, 'radio': '2.4 GHz', 'parentMacAddress': '', 'lockToHNGroup': True, 'apPrimMacAddress': '04:bf:6d:5e:12:af', 'apHNRole': '', 'apName': 'AP-4836_Bridge'}]"
2019-03-06 06:45:01,,True,e0e12656-46d6-41dd-bff7-29098a87cdec,fd37fa7e-bc41-4554-86fe-dbc64bbf7872,AP-4840,0,"[{'apMacAddress': 'b8:ec:a3:2f:bd:38', 'backhaulConnection': 'Wired', 'apSSID': 'APT_4840', 'parentSSID': None, 'apId': '8108662df1b8b8eca32fbd3b', 'ssidType': 'NORMAL', 'parentRadio': None, 'radio': '2.4 GHz', 'parentMacAddress': '', 'lockToHNGroup': True, 'apPrimMacAddress': 'b8:ec:a3:2f:bd:3b', 'apHNRole': '', 'apName': 'AP-4840'}, {'apMacAddress': '04:bf:6d:5e:12:98', 'backhaulConnection': 'Wired', 'apSSID': 'APT_4840', 'parentSSID': None, 'apId': '8108662df1b804bf6d5e129b', 'ssidType': 'NORMAL', 'parentRadio': None, 'radio': '2.4 GHz', 'parentMacAddress': '', 'lockToHNGroup': True, 'apPrimMacAddress': '04:bf:6d:5e:12:9b', 'apHNRole': '', 'apName': 'AP-4840_Bridge'}]"
2019-03-06 07:45:01,,True,e0e12656-46d6-41dd-bff7-29098a87cdec,3d552507-1860-4ce8-9220-4ce0e867d407,AP-4826,0,"[{'apName': 'AP-4826', 'parentRadio': None, 'parentSSID': None, 'ssidType': 'NORMAL', 'lockToHNGroup': True, 'apMacAddress': 'b8:ec:a3:2f:bd:34', 'apPrimMacAddress': 'b8:ec:a3:2f:bd:37', 'backhaulConnection': 'Wired', 'apSSID': 'APT_4826', 'apId': '8108662df1b8b8eca32fbd37', 'apHNRole': '', 'parentMacAddress': '', 'radio': '2.4 GHz'}, {'apName': 'AP-4826_Bridge', 'parentRadio': None, 'parentSSID': None, 'ssidType': 'NORMAL', 'lockToHNGroup': True, 'apMacAddress': '04:bf:6d:5e:12:71', 'apPrimMacAddress': '04:bf:6d:5e:12:73', 'backhaulConnection': 'Wired', 'apSSID': 'APT_4826', 'apId': '8108662df1b804bf6d5e1273', 'apHNRole': '', 'parentMacAddress': '', 'radio': '5 GHz'}]"
2019-03-06 07:45:01,,True,e0e12656-46d6-41dd-bff7-29098a87cdec,f85598b0-b2f1-4cd3-bbe0-51ff5fb65c13,AP-4832,0,"[{'apName': 'AP-4832', 'parentRadio': None, 'parentSSID': None, 'ssidType': 'NORMAL', 'lockToHNGroup': True, 'apMacAddress': '04:bf:6d:5e:12:b0', 'apPrimMacAddress': '04:bf:6d:5e:12:b3', 'backhaulConnection': 'Wired', 'apSSID': 'APT_4832', 'apId': '8108662df1b804bf6d5e12b3', 'apHNRole': '', 'parentMacAddress': '', 'radio': '2.4 GHz'}, {'apName': 'AP-4832_Bridge', 'parentRadio': None, 'parentSSID': None, 'ssidType': 'NORMAL', 'lockToHNGroup': True, 'apMacAddress': '04:bf:6d:5e:12:74', 'apPrimMacAddress': '04:bf:6d:5e:12:77', 'backhaulConnection': 'Wired', 'apSSID': 'APT_4832', 'apId': '8108662df1b804bf6d5e1277', 'apHNRole': '', 'parentMacAddress': '', 'radio': '2.4 GHz'}]"
2019-03-06 07:45:01,,True,e0e12656-46d6-41dd-bff7-29098a87cdec,2b729697-7e15-44ae-bede-673d634477a5,AP-4834,0,"[{'apName': 'AP-4834', 'parentRadio': None, 'parentSSID': None, 'ssidType': 'NORMAL', 'lockToHNGroup': True, 'apMacAddress': '04:bf:6d:5e:26:7c', 'apPrimMacAddress': '04:bf:6d:5e:26:7f', 'backhaulConnection': 'Wired', 'apSSID': 'APT_4834', 'apId': '8108662df1b804bf6d5e267f', 'apHNRole': '', 'parentMacAddress': '', 'radio': '2.4 GHz'}, {'apName': 'AP-4834_Bridge', 'parentRadio': None, 'parentSSID': None, 'ssidType': 'NORMAL', 'lockToHNGroup': True, 'apMacAddress': '04:bf:6d:5e:12:a9', 'apPrimMacAddress': '04:bf:6d:5e:12:ab', 'backhaulConnection': 'Wired', 'apSSID': 'APT_4834', 'apId': '8108662df1b804bf6d5e12ab', 'apHNRole': '', 'parentMacAddress': '', 'radio': '5 GHz'}]"
2019-03-06 07:45:01,,True,e0e12656-46d6-41dd-bff7-29098a87cdec,9117647e-f0d5-4dba-b93f-5c7de5432f2d,AP-4836,0,"[{'apName': 'AP-4836', 'parentRadio': None, 'parentSSID': None, 'ssidType': 'NORMAL', 'lockToHNGroup': True, 'apMacAddress': '04:bf:6d:5e:26:80', 'apPrimMacAddress': '04:bf:6d:5e:26:83', 'backhaulConnection': 'Wired', 'apSSID': 'APT_4836', 'apId': '8108662df1b804bf6d5e2683', 'apHNRole': '', 'parentMacAddress': '', 'radio': '2.4 GHz'}, {'apName': 'AP-4836_Bridge', 'parentRadio': None, 'parentSSID': None, 'ssidType': 'NORMAL', 'lockToHNGroup': True, 'apMacAddress': '04:bf:6d:5e:12:ac', 'apPrimMacAddress': '04:bf:6d:5e:12:af', 'backhaulConnection': 'Wired', 'apSSID': 'APT_4836', 'apId': '8108662df1b804bf6d5e12af', 'apHNRole': '', 'parentMacAddress': '', 'radio': '2.4 GHz'}]"
2019-03-06 07:45:01,,True,e0e12656-46d6-41dd-bff7-29098a87cdec,fd37fa7e-bc41-4554-86fe-dbc64bbf7872,AP-4840,0,"[{'apName': 'AP-4840', 'parentRadio': None, 'parentSSID': None, 'ssidType': 'NORMAL', 'lockToHNGroup': True, 'apMacAddress': 'b8:ec:a3:2f:bd:38', 'apPrimMacAddress': 'b8:ec:a3:2f:bd:3b', 'backhaulConnection': 'Wired', 'apSSID': 'APT_4840', 'apId': '8108662df1b8b8eca32fbd3b', 'apHNRole': '', 'parentMacAddress': '', 'radio': '2.4 GHz'}, {'apName': 'AP-4840_Bridge', 'parentRadio': None, 'parentSSID': None, 'ssidType': 'NORMAL', 'lockToHNGroup': True, 'apMacAddress': '04:bf:6d:5e:12:98', 'apPrimMacAddress': '04:bf:6d:5e:12:9b', 'backhaulConnection': 'Wired', 'apSSID': 'APT_4840', 'apId': '8108662df1b804bf6d5e129b', 'apHNRole': '', 'parentMacAddress': '', 'radio': '2.4 GHz'}]"
2019-03-06 08:45:01,,True,e0e12656-46d6-41dd-bff7-29098a87cdec,3d552507-1860-4ce8-9220-4ce0e867d407,AP-4826,0,"[{'lockToHNGroup': True, 'apHNRole': '', 'apPrimMacAddress': 'b8:ec:a3:2f:bd:37', 'parentSSID': None, 'radio': '2.4 GHz', 'apName': 'AP-4826', 'apId': '8108662df1b8b8eca32fbd37', 'apMacAddress': 'b8:ec:a3:2f:bd:34', 'ssidType': 'NORMAL', 'backhaulConnection': 'Wired', 'apSSID': 'APT_4826', 'parentRadio': None, 'parentMacAddress': ''}, {'lockToHNGroup': True, 'apHNRole': '', 'apPrimMacAddress': '04:bf:6d:5e:12:73', 'parentSSID': None, 'radio': '5 GHz', 'apName': 'AP-4826_Bridge', 'apId': '8108662df1b804bf6d5e1273', 'apMacAddress': '04:bf:6d:5e:12:71', 'ssidType': 'NORMAL', 'backhaulConnection': 'Wired', 'apSSID': 'APT_4826', 'parentRadio': None, 'parentMacAddress': ''}]"
2019-03-06 08:45:01,,True,e0e12656-46d6-41dd-bff7-29098a87cdec,f85598b0-b2f1-4cd3-bbe0-51ff5fb65c13,AP-4832,0,"[{'lockToHNGroup': True, 'apHNRole': '', 'apPrimMacAddress': '04:bf:6d:5e:12:b3', 'parentSSID': None, 'radio': '2.4 GHz', 'apName': 'AP-4832', 'apId': '8108662df1b804bf6d5e12b3', 'apMacAddress': '04:bf:6d:5e:12:b0', 'ssidType': 'NORMAL', 'backhaulConnection': 'Wired', 'apSSID': 'APT_4832', 'parentRadio': None, 'parentMacAddress': ''}, {'lockToHNGroup': True, 'apHNRole': '', 'apPrimMacAddress': '04:bf:6d:5e:12:77', 'parentSSID': None, 'radio': '2.4 GHz', 'apName': 'AP-4832_Bridge', 'apId': '8108662df1b804bf6d5e1277', 'apMacAddress': '04:bf:6d:5e:12:74', 'ssidType': 'NORMAL', 'backhaulConnection': 'Wired', 'apSSID': 'APT_4832', 'parentRadio': None, 'parentMacAddress': ''}]"
2019-03-06 08:45:01,,True,e0e12656-46d6-41dd-bff7-29098a87cdec,2b729697-7e15-44ae-bede-673d634477a5,AP-4834,0,"[{'lockToHNGroup': True, 'apHNRole': '', 'apPrimMacAddress': '04:bf:6d:5e:26:7f', 'parentSSID': None, 'radio': '2.4 GHz', 'apName': 'AP-4834', 'apId': '8108662df1b804bf6d5e267f', 'apMacAddress': '04:bf:6d:5e:26:7c', 'ssidType': 'NORMAL', 'backhaulConnection': 'Wired', 'apSSID': 'APT_4834', 'parentRadio': None, 'parentMacAddress': ''}, {'lockToHNGroup': True, 'apHNRole': '', 'apPrimMacAddress': '04:bf:6d:5e:12:ab', 'parentSSID': None, 'radio': '5 GHz', 'apName': 'AP-4834_Bridge', 'apId': '8108662df1b804bf6d5e12ab', 'apMacAddress': '04:bf:6d:5e:12:a9', 'ssidType': 'NORMAL', 'backhaulConnection': 'Wired', 'apSSID': 'APT_4834', 'parentRadio': None, 'parentMacAddress': ''}]"
2019-03-06 08:45:01,,True,e0e12656-46d6-41dd-bff7-29098a87cdec,9117647e-f0d5-4dba-b93f-5c7de5432f2d,AP-4836,0,"[{'lockToHNGroup': True, 'apHNRole': '', 'apPrimMacAddress': '04:bf:6d:5e:26:83', 'parentSSID': None, 'radio': '2.4 GHz', 'apName': 'AP-4836', 'apId': '8108662df1b804bf6d5e2683', 'apMacAddress': '04:bf:6d:5e:26:80', 'ssidType': 'NORMAL', 'backhaulConnection': 'Wired', 'apSSID': 'APT_4836', 'parentRadio': None, 'parentMacAddress': ''}, {'lockToHNGroup': True, 'apHNRole': '', 'apPrimMacAddress': '04:bf:6d:5e:12:af', 'parentSSID': None, 'radio': '2.4 GHz', 'apName': 'AP-4836_Bridge', 'apId': '8108662df1b804bf6d5e12af', 'apMacAddress': '04:bf:6d:5e:12:ac', 'ssidType': 'NORMAL', 'backhaulConnection': 'Wired', 'apSSID': 'APT_4836', 'parentRadio': None, 'parentMacAddress': ''}]"
2019-03-06 08:45:01,,True,e0e12656-46d6-41dd-bff7-29098a87cdec,fd37fa7e-bc41-4554-86fe-dbc64bbf7872,AP-4840,0,"[{'lockToHNGroup': True, 'apHNRole': '', 'apPrimMacAddress': 'b8:ec:a3:2f:bd:3b', 'parentSSID': None, 'radio': '2.4 GHz', 'apName': 'AP-4840', 'apId': '8108662df1b8b8eca32fbd3b', 'apMacAddress': 'b8:ec:a3:2f:bd:38', 'ssidType': 'NORMAL', 'backhaulConnection': 'Wired', 'apSSID': 'APT_4840', 'parentRadio': None, 'parentMacAddress': ''}, {'lockToHNGroup': True, 'apHNRole': '', 'apPrimMacAddress': '04:bf:6d:5e:12:9b', 'parentSSID': None, 'radio': '2.4 GHz', 'apName': 'AP-4840_Bridge', 'apId': '8108662df1b804bf6d5e129b', 'apMacAddress': '04:bf:6d:5e:12:98', 'ssidType': 'NORMAL', 'backhaulConnection': 'Wired', 'apSSID': 'APT_4840', 'parentRadio': None, 'parentMacAddress': ''}]"
2019-03-06 09:45:01,,True,e0e12656-46d6-41dd-bff7-29098a87cdec,3d552507-1860-4ce8-9220-4ce0e867d407,AP-4826,0,"[{'ssidType': 'NORMAL', 'parentRadio': None, 'backhaulConnection': 'Wired', 'apId': '8108662df1b8b8eca32fbd37', 'apPrimMacAddress': 'b8:ec:a3:2f:bd:37', 'apMacAddress': 'b8:ec:a3:2f:bd:34', 'apName': 'AP-4826', 'radio': '2.4 GHz', 'apHNRole': '', 'lockToHNGroup': True, 'parentSSID': None, 'parentMacAddress': '', 'apSSID': 'APT_4826'}, {'ssidType': 'NORMAL', 'parentRadio': None, 'backhaulConnection': 'Wired', 'apId': '8108662df1b804bf6d5e1273', 'apPrimMacAddress': '04:bf:6d:5e:12:73', 'apMacAddress': '04:bf:6d:5e:12:71', 'apName': 'AP-4826_Bridge', 'radio': '5 GHz', 'apHNRole': '', 'lockToHNGroup': True, 'parentSSID': None, 'parentMacAddress': '', 'apSSID': 'APT_4826'}]"
2019-03-06 09:45:01,,True,e0e12656-46d6-41dd-bff7-29098a87cdec,f85598b0-b2f1-4cd3-bbe0-51ff5fb65c13,AP-4832,0,"[{'ssidType': 'NORMAL', 'parentRadio': None, 'backhaulConnection': 'Wired', 'apId': '8108662df1b804bf6d5e12b3', 'apPrimMacAddress': '04:bf:6d:5e:12:b3', 'apMacAddress': '04:bf:6d:5e:12:b0', 'apName': 'AP-4832', 'radio': '2.4 GHz', 'apHNRole': '', 'lockToHNGroup': True, 'parentSSID': None, 'parentMacAddress': '', 'apSSID': 'APT_4832'}, {'ssidType': 'NORMAL', 'parentRadio': None, 'backhaulConnection': 'Wired', 'apId': '8108662df1b804bf6d5e1277', 'apPrimMacAddress': '04:bf:6d:5e:12:77', 'apMacAddress': '04:bf:6d:5e:12:74', 'apName': 'AP-4832_Bridge', 'radio': '2.4 GHz', 'apHNRole': '', 'lockToHNGroup': True, 'parentSSID': None, 'parentMacAddress': '', 'apSSID': 'APT_4832'}]"
2019-03-06 09:45:01,,True,e0e12656-46d6-41dd-bff7-29098a87cdec,2b729697-7e15-44ae-bede-673d634477a5,AP-4834,0,"[{'ssidType': 'NORMAL', 'parentRadio': None, 'backhaulConnection': 'Wired', 'apId': '8108662df1b804bf6d5e267f', 'apPrimMacAddress': '04:bf:6d:5e:26:7f', 'apMacAddress': '04:bf:6d:5e:26:7c', 'apName': 'AP-4834', 'radio': '2.4 GHz', 'apHNRole': '', 'lockToHNGroup': True, 'parentSSID': None, 'parentMacAddress': '', 'apSSID': 'APT_4834'}, {'ssidType': 'NORMAL', 'parentRadio': None, 'backhaulConnection': 'Wired', 'apId': '8108662df1b804bf6d5e12ab', 'apPrimMacAddress': '04:bf:6d:5e:12:ab', 'apMacAddress': '04:bf:6d:5e:12:a9', 'apName': 'AP-4834_Bridge', 'radio': '5 GHz', 'apHNRole': '', 'lockToHNGroup': True, 'parentSSID': None, 'parentMacAddress': '', 'apSSID': 'APT_4834'}]"
2019-03-06 09:45:01,,True,e0e12656-46d6-41dd-bff7-29098a87cdec,9117647e-f0d5-4dba-b93f-5c7de5432f2d,AP-4836,0,"[{'ssidType': 'NORMAL', 'parentRadio': None, 'backhaulConnection': 'Wired', 'apId': '8108662df1b804bf6d5e2683', 'apPrimMacAddress': '04:bf:6d:5e:26:83', 'apMacAddress': '04:bf:6d:5e:26:80', 'apName': 'AP-4836', 'radio': '2.4 GHz', 'apHNRole': '', 'lockToHNGroup': True, 'parentSSID': None, 'parentMacAddress': '', 'apSSID': 'APT_4836'}, {'ssidType': 'NORMAL', 'parentRadio': None, 'backhaulConnection': 'Wired', 'apId': '8108662df1b804bf6d5e12af', 'apPrimMacAddress': '04:bf:6d:5e:12:af', 'apMacAddress': '04:bf:6d:5e:12:ac', 'apName': 'AP-4836_Bridge', 'radio': '2.4 GHz', 'apHNRole': '', 'lockToHNGroup': True, 'parentSSID': None, 'parentMacAddress': '', 'apSSID': 'APT_4836'}]"
2019-03-06 09:45:01,,True,e0e12656-46d6-41dd-bff7-29098a87cdec,fd37fa7e-bc41-4554-86fe-dbc64bbf7872,AP-4840,0,"[{'ssidType': 'NORMAL', 'parentRadio': None, 'backhaulConnection': 'Wired', 'apId': '8108662df1b8b8eca32fbd3b', 'apPrimMacAddress': 'b8:ec:a3:2f:bd:3b', 'apMacAddress': 'b8:ec:a3:2f:bd:38', 'apName': 'AP-4840', 'radio': '2.4 GHz', 'apHNRole': '', 'lockToHNGroup': True, 'parentSSID': None, 'parentMacAddress': '', 'apSSID': 'APT_4840'}, {'ssidType': 'NORMAL', 'parentRadio': None, 'backhaulConnection': 'Wired', 'apId': '8108662df1b804bf6d5e129b', 'apPrimMacAddress': '04:bf:6d:5e:12:9b', 'apMacAddress': '04:bf:6d:5e:12:98', 'apName': 'AP-4840_Bridge', 'radio': '2.4 GHz', 'apHNRole': '', 'lockToHNGroup': True, 'parentSSID': None, 'parentMacAddress': '', 'apSSID': 'APT_4840'}]"
2019-03-06 10:45:01,,True,e0e12656-46d6-41dd-bff7-29098a87cdec,3d552507-1860-4ce8-9220-4ce0e867d407,AP-4826,0,"[{'backhaulConnection': 'Wired', 'radio': '2.4 GHz', 'ssidType': 'NORMAL', 'parentSSID': None, 'apName': 'AP-4826', 'apPrimMacAddress': 'b8:ec:a3:2f:bd:37', 'apSSID': 'APT_4826', 'apHNRole': '', 'parentMacAddress': '', 'parentRadio': None, 'apMacAddress': 'b8:ec:a3:2f:bd:34', 'lockToHNGroup': True, 'apId': '8108662df1b8b8eca32fbd37'}, {'backhaulConnection': 'Wired', 'radio': '5 GHz', 'ssidType': 'NORMAL', 'parentSSID': None, 'apName': 'AP-4826_Bridge', 'apPrimMacAddress': '04:bf:6d:5e:12:73', 'apSSID': 'APT_4826', 'apHNRole': '', 'parentMacAddress': '', 'parentRadio': None, 'apMacAddress': '04:bf:6d:5e:12:71', 'lockToHNGroup': True, 'apId': '8108662df1b804bf6d5e1273'}]"
2019-03-06 10:45:01,,True,e0e12656-46d6-41dd-bff7-29098a87cdec,f85598b0-b2f1-4cd3-bbe0-51ff5fb65c13,AP-4832,0,"[{'backhaulConnection': 'Wired', 'radio': '2.4 GHz', 'ssidType': 'NORMAL', 'parentSSID': None, 'apName': 'AP-4832', 'apPrimMacAddress': '04:bf:6d:5e:12:b3', 'apSSID': 'APT_4832', 'apHNRole': '', 'parentMacAddress': '', 'parentRadio': None, 'apMacAddress': '04:bf:6d:5e:12:b0', 'lockToHNGroup': True, 'apId': '8108662df1b804bf6d5e12b3'}, {'backhaulConnection': 'Wired', 'radio': '2.4 GHz', 'ssidType': 'NORMAL', 'parentSSID': None, 'apName': 'AP-4832_Bridge', 'apPrimMacAddress': '04:bf:6d:5e:12:77', 'apSSID': 'APT_4832', 'apHNRole': '', 'parentMacAddress': '', 'parentRadio': None, 'apMacAddress': '04:bf:6d:5e:12:74', 'lockToHNGroup': True, 'apId': '8108662df1b804bf6d5e1277'}]"
2019-03-06 10:45:01,,True,e0e12656-46d6-41dd-bff7-29098a87cdec,2b729697-7e15-44ae-bede-673d634477a5,AP-4834,0,"[{'backhaulConnection': 'Wired', 'radio': '2.4 GHz', 'ssidType': 'NORMAL', 'parentSSID': None, 'apName': 'AP-4834', 'apPrimMacAddress': '04:bf:6d:5e:26:7f', 'apSSID': 'APT_4834', 'apHNRole': '', 'parentMacAddress': '', 'parentRadio': None, 'apMacAddress': '04:bf:6d:5e:26:7c', 'lockToHNGroup': True, 'apId': '8108662df1b804bf6d5e267f'}, {'backhaulConnection': 'Wired', 'radio': '5 GHz', 'ssidType': 'NORMAL', 'parentSSID': None, 'apName': 'AP-4834_Bridge', 'apPrimMacAddress': '04:bf:6d:5e:12:ab', 'apSSID': 'APT_4834', 'apHNRole': '', 'parentMacAddress': '', 'parentRadio': None, 'apMacAddress': '04:bf:6d:5e:12:a9', 'lockToHNGroup': True, 'apId': '8108662df1b804bf6d5e12ab'}]"
2019-03-06 10:45:01,,True,e0e12656-46d6-41dd-bff7-29098a87cdec,9117647e-f0d5-4dba-b93f-5c7de5432f2d,AP-4836,0,"[{'backhaulConnection': 'Wired', 'radio': '2.4 GHz', 'ssidType': 'NORMAL', 'parentSSID': None, 'apName': 'AP-4836', 'apPrimMacAddress': '04:bf:6d:5e:26:83', 'apSSID': 'APT_4836', 'apHNRole': '', 'parentMacAddress': '', 'parentRadio': None, 'apMacAddress': '04:bf:6d:5e:26:80', 'lockToHNGroup': True, 'apId': '8108662df1b804bf6d5e2683'}, {'backhaulConnection': 'Wired', 'radio': '2.4 GHz', 'ssidType': 'NORMAL', 'parentSSID': None, 'apName': 'AP-4836_Bridge', 'apPrimMacAddress': '04:bf:6d:5e:12:af', 'apSSID': 'APT_4836', 'apHNRole': '', 'parentMacAddress': '', 'parentRadio': None, 'apMacAddress': '04:bf:6d:5e:12:ac', 'lockToHNGroup': True, 'apId': '8108662df1b804bf6d5e12af'}]"
2019-03-06 10:45:01,,True,e0e12656-46d6-41dd-bff7-29098a87cdec,fd37fa7e-bc41-4554-86fe-dbc64bbf7872,AP-4840,0,"[{'backhaulConnection': 'Wired', 'radio': '2.4 GHz', 'ssidType': 'NORMAL', 'parentSSID': None, 'apName': 'AP-4840', 'apPrimMacAddress': 'b8:ec:a3:2f:bd:3b', 'apSSID': 'APT_4840', 'apHNRole': '', 'parentMacAddress': '', 'parentRadio': None, 'apMacAddress': 'b8:ec:a3:2f:bd:38', 'lockToHNGroup': True, 'apId': '8108662df1b8b8eca32fbd3b'}, {'backhaulConnection': 'Wired', 'radio': '2.4 GHz', 'ssidType': 'NORMAL', 'parentSSID': None, 'apName': 'AP-4840_Bridge', 'apPrimMacAddress': '04:bf:6d:5e:12:9b', 'apSSID': 'APT_4840', 'apHNRole': '', 'parentMacAddress': '', 'parentRadio': None, 'apMacAddress': '04:bf:6d:5e:12:98', 'lockToHNGroup': True, 'apId': '8108662df1b804bf6d5e129b'}]"
2019-03-06 11:45:01,,True,e0e12656-46d6-41dd-bff7-29098a87cdec,3d552507-1860-4ce8-9220-4ce0e867d407,AP-4826,0,"[{'apMacAddress': 'b8:ec:a3:2f:bd:34', 'apHNRole': '', 'ssidType': 'NORMAL', 'radio': '2.4 GHz', 'parentSSID': None, 'apName': 'AP-4826', 'apId': '8108662df1b8b8eca32fbd37', 'parentMacAddress': '', 'backhaulConnection': 'Wired', 'apPrimMacAddress': 'b8:ec:a3:2f:bd:37', 'apSSID': 'APT_4826', 'parentRadio': None, 'lockToHNGroup': True}, {'apMacAddress': '04:bf:6d:5e:12:71', 'apHNRole': '', 'ssidType': 'NORMAL', 'radio': '5 GHz', 'parentSSID': None, 'apName': 'AP-4826_Bridge', 'apId': '8108662df1b804bf6d5e1273', 'parentMacAddress': '', 'backhaulConnection': 'Wired', 'apPrimMacAddress': '04:bf:6d:5e:12:73', 'apSSID': 'APT_4826', 'parentRadio': None, 'lockToHNGroup': True}]"
2019-03-06 11:45:01,,True,e0e12656-46d6-41dd-bff7-29098a87cdec,f85598b0-b2f1-4cd3-bbe0-51ff5fb65c13,AP-4832,0,"[{'apMacAddress': '04:bf:6d:5e:12:b0', 'apHNRole': '', 'ssidType': 'NORMAL', 'radio': '2.4 GHz', 'parentSSID': None, 'apName': 'AP-4832', 'apId': '8108662df1b804bf6d5e12b3', 'parentMacAddress': '', 'backhaulConnection': 'Wired', 'apPrimMacAddress': '04:bf:6d:5e:12:b3', 'apSSID': 'APT_4832', 'parentRadio': None, 'lockToHNGroup': True}, {'apMacAddress': '04:bf:6d:5e:12:74', 'apHNRole': '', 'ssidType': 'NORMAL', 'radio': '2.4 GHz', 'parentSSID': None, 'apName': 'AP-4832_Bridge', 'apId': '8108662df1b804bf6d5e1277', 'parentMacAddress': '', 'backhaulConnection': 'Wired', 'apPrimMacAddress': '04:bf:6d:5e:12:77', 'apSSID': 'APT_4832', 'parentRadio': None, 'lockToHNGroup': True}]"
2019-03-06 11:45:01,,True,e0e12656-46d6-41dd-bff7-29098a87cdec,2b729697-7e15-44ae-bede-673d634477a5,AP-4834,0,"[{'apMacAddress': '04:bf:6d:5e:26:7c', 'apHNRole': '', 'ssidType': 'NORMAL', 'radio': '2.4 GHz', 'parentSSID': None, 'apName': 'AP-4834', 'apId': '8108662df1b804bf6d5e267f', 'parentMacAddress': '', 'backhaulConnection': 'Wired', 'apPrimMacAddress': '04:bf:6d:5e:26:7f', 'apSSID': 'APT_4834', 'parentRadio': None, 'lockToHNGroup': True}, {'apMacAddress': '04:bf:6d:5e:12:a9', 'apHNRole': '', 'ssidType': 'NORMAL', 'radio': '5 GHz', 'parentSSID': None, 'apName': 'AP-4834_Bridge', 'apId': '8108662df1b804bf6d5e12ab', 'parentMacAddress': '', 'backhaulConnection': 'Wired', 'apPrimMacAddress': '04:bf:6d:5e:12:ab', 'apSSID': 'APT_4834', 'parentRadio': None, 'lockToHNGroup': True}]"
2019-03-06 11:45:01,,True,e0e12656-46d6-41dd-bff7-29098a87cdec,9117647e-f0d5-4dba-b93f-5c7de5432f2d,AP-4836,0,"[{'apMacAddress': '04:bf:6d:5e:26:80', 'apHNRole': '', 'ssidType': 'NORMAL', 'radio': '2.4 GHz', 'parentSSID': None, 'apName': 'AP-4836', 'apId': '8108662df1b804bf6d5e2683', 'parentMacAddress': '', 'backhaulConnection': 'Wired', 'apPrimMacAddress': '04:bf:6d:5e:26:83', 'apSSID': 'APT_4836', 'parentRadio': None, 'lockToHNGroup': True}, {'apMacAddress': '04:bf:6d:5e:12:ac', 'apHNRole': '', 'ssidType': 'NORMAL', 'radio': '2.4 GHz', 'parentSSID': None, 'apName': 'AP-4836_Bridge', 'apId': '8108662df1b804bf6d5e12af', 'parentMacAddress': '', 'backhaulConnection': 'Wired', 'apPrimMacAddress': '04:bf:6d:5e:12:af', 'apSSID': 'APT_4836', 'parentRadio': None, 'lockToHNGroup': True}]"
2019-03-06 11:45:01,,True,e0e12656-46d6-41dd-bff7-29098a87cdec,fd37fa7e-bc41-4554-86fe-dbc64bbf7872,AP-4840,0,"[{'apMacAddress': 'b8:ec:a3:2f:bd:38', 'apHNRole': '', 'ssidType': 'NORMAL', 'radio': '2.4 GHz', 'parentSSID': None, 'apName': 'AP-4840', 'apId': '8108662df1b8b8eca32fbd3b', 'parentMacAddress': '', 'backhaulConnection': 'Wired', 'apPrimMacAddress': 'b8:ec:a3:2f:bd:3b', 'apSSID': 'APT_4840', 'parentRadio': None, 'lockToHNGroup': True}, {'apMacAddress': '04:bf:6d:5e:12:98', 'apHNRole': '', 'ssidType': 'NORMAL', 'radio': '2.4 GHz', 'parentSSID': None, 'apName': 'AP-4840_Bridge', 'apId': '8108662df1b804bf6d5e129b', 'parentMacAddress': '', 'backhaulConnection': 'Wired', 'apPrimMacAddress': '04:bf:6d:5e:12:9b', 'apSSID': 'APT_4840', 'parentRadio': None, 'lockToHNGroup': True}]"
2019-03-06 12:45:01,,True,e0e12656-46d6-41dd-bff7-29098a87cdec,3d552507-1860-4ce8-9220-4ce0e867d407,AP-4826,0,"[{'apMacAddress': 'b8:ec:a3:2f:bd:34', 'lockToHNGroup': True, 'apId': '8108662df1b8b8eca32fbd37', 'apSSID': 'APT_4826', 'backhaulConnection': 'Wired', 'apPrimMacAddress': 'b8:ec:a3:2f:bd:37', 'radio': '2.4 GHz', 'parentSSID': None, 'parentRadio': None, 'parentMacAddress': '', 'apHNRole': '', 'ssidType': 'NORMAL', 'apName': 'AP-4826'}, {'apMacAddress': '04:bf:6d:5e:12:71', 'lockToHNGroup': True, 'apId': '8108662df1b804bf6d5e1273', 'apSSID': 'APT_4826', 'backhaulConnection': 'Wired', 'apPrimMacAddress': '04:bf:6d:5e:12:73', 'radio': '5 GHz', 'parentSSID': None, 'parentRadio': None, 'parentMacAddress': '', 'apHNRole': '', 'ssidType': 'NORMAL', 'apName': 'AP-4826_Bridge'}]"
2019-03-06 12:45:01,,True,e0e12656-46d6-41dd-bff7-29098a87cdec,f85598b0-b2f1-4cd3-bbe0-51ff5fb65c13,AP-4832,0,"[{'apMacAddress': '04:bf:6d:5e:12:b0', 'lockToHNGroup': True, 'apId': '8108662df1b804bf6d5e12b3', 'apSSID': 'APT_4832', 'backhaulConnection': 'Wired', 'apPrimMacAddress': '04:bf:6d:5e:12:b3', 'radio': '2.4 GHz', 'parentSSID': None, 'parentRadio': None, 'parentMacAddress': '', 'apHNRole': '', 'ssidType': 'NORMAL', 'apName': 'AP-4832'}, {'apMacAddress': '04:bf:6d:5e:12:74', 'lockToHNGroup': True, 'apId': '8108662df1b804bf6d5e1277', 'apSSID': 'APT_4832', 'backhaulConnection': 'Wired', 'apPrimMacAddress': '04:bf:6d:5e:12:77', 'radio': '2.4 GHz', 'parentSSID': None, 'parentRadio': None, 'parentMacAddress': '', 'apHNRole': '', 'ssidType': 'NORMAL', 'apName': 'AP-4832_Bridge'}]"
2019-03-06 12:45:01,,True,e0e12656-46d6-41dd-bff7-29098a87cdec,2b729697-7e15-44ae-bede-673d634477a5,AP-4834,0,"[{'apMacAddress': '04:bf:6d:5e:26:7c', 'lockToHNGroup': True, 'apId': '8108662df1b804bf6d5e267f', 'apSSID': 'APT_4834', 'backhaulConnection': 'Wired', 'apPrimMacAddress': '04:bf:6d:5e:26:7f', 'radio': '2.4 GHz', 'parentSSID': None, 'parentRadio': None, 'parentMacAddress': '', 'apHNRole': '', 'ssidType': 'NORMAL', 'apName': 'AP-4834'}, {'apMacAddress': '04:bf:6d:5e:12:a9', 'lockToHNGroup': True, 'apId': '8108662df1b804bf6d5e12ab', 'apSSID': 'APT_4834', 'backhaulConnection': 'Wired', 'apPrimMacAddress': '04:bf:6d:5e:12:ab', 'radio': '5 GHz', 'parentSSID': None, 'parentRadio': None, 'parentMacAddress': '', 'apHNRole': '', 'ssidType': 'NORMAL', 'apName': 'AP-4834_Bridge'}]"
2019-03-06 12:45:01,,True,e0e12656-46d6-41dd-bff7-29098a87cdec,9117647e-f0d5-4dba-b93f-5c7de5432f2d,AP-4836,0,"[{'apMacAddress': '04:bf:6d:5e:26:80', 'lockToHNGroup': True, 'apId': '8108662df1b804bf6d5e2683', 'apSSID': 'APT_4836', 'backhaulConnection': 'Wired', 'apPrimMacAddress': '04:bf:6d:5e:26:83', 'radio': '2.4 GHz', 'parentSSID': None, 'parentRadio': None, 'parentMacAddress': '', 'apHNRole': '', 'ssidType': 'NORMAL', 'apName': 'AP-4836'}, {'apMacAddress': '04:bf:6d:5e:12:ac', 'lockToHNGroup': True, 'apId': '8108662df1b804bf6d5e12af', 'apSSID': 'APT_4836', 'backhaulConnection': 'Wired', 'apPrimMacAddress': '04:bf:6d:5e:12:af', 'radio': '2.4 GHz', 'parentSSID': None, 'parentRadio': None, 'parentMacAddress': '', 'apHNRole': '', 'ssidType': 'NORMAL', 'apName': 'AP-4836_Bridge'}]"
2019-03-06 12:45:01,,True,e0e12656-46d6-41dd-bff7-29098a87cdec,fd37fa7e-bc41-4554-86fe-dbc64bbf7872,AP-4840,0,"[{'apMacAddress': 'b8:ec:a3:2f:bd:38', 'lockToHNGroup': True, 'apId': '8108662df1b8b8eca32fbd3b', 'apSSID': 'APT_4840', 'backhaulConnection': 'Wired', 'apPrimMacAddress': 'b8:ec:a3:2f:bd:3b', 'radio': '2.4 GHz', 'parentSSID': None, 'parentRadio': None, 'parentMacAddress': '', 'apHNRole': '', 'ssidType': 'NORMAL', 'apName': 'AP-4840'}, {'apMacAddress': '04:bf:6d:5e:12:98', 'lockToHNGroup': True, 'apId': '8108662df1b804bf6d5e129b', 'apSSID': 'APT_4840', 'backhaulConnection': 'Wired', 'apPrimMacAddress': '04:bf:6d:5e:12:9b', 'radio': '2.4 GHz', 'parentSSID': None, 'parentRadio': None, 'parentMacAddress': '', 'apHNRole': '', 'ssidType': 'NORMAL', 'apName': 'AP-4840_Bridge'}]"
2019-03-06 13:45:01,,True,e0e12656-46d6-41dd-bff7-29098a87cdec,3d552507-1860-4ce8-9220-4ce0e867d407,AP-4826,0,"[{'apMacAddress': 'b8:ec:a3:2f:bd:34', 'apPrimMacAddress': 'b8:ec:a3:2f:bd:37', 'parentSSID': None, 'backhaulConnection': 'Wired', 'apSSID': 'APT_4826', 'parentRadio': None, 'apHNRole': '', 'apName': 'AP-4826', 'parentMacAddress': '', 'apId': '8108662df1b8b8eca32fbd37', 'lockToHNGroup': True, 'radio': '2.4 GHz', 'ssidType': 'NORMAL'}, {'apMacAddress': '04:bf:6d:5e:12:71', 'apPrimMacAddress': '04:bf:6d:5e:12:73', 'parentSSID': None, 'backhaulConnection': 'Wired', 'apSSID': 'APT_4826', 'parentRadio': None, 'apHNRole': '', 'apName': 'AP-4826_Bridge', 'parentMacAddress': '', 'apId': '8108662df1b804bf6d5e1273', 'lockToHNGroup': True, 'radio': '5 GHz', 'ssidType': 'NORMAL'}]"
2019-03-06 13:45:01,,True,e0e12656-46d6-41dd-bff7-29098a87cdec,f85598b0-b2f1-4cd3-bbe0-51ff5fb65c13,AP-4832,0,"[{'apMacAddress': '04:bf:6d:5e:12:b0', 'apPrimMacAddress': '04:bf:6d:5e:12:b3', 'parentSSID': None, 'backhaulConnection': 'Wired', 'apSSID': 'APT_4832', 'parentRadio': None, 'apHNRole': '', 'apName': 'AP-4832', 'parentMacAddress': '', 'apId': '8108662df1b804bf6d5e12b3', 'lockToHNGroup': True, 'radio': '2.4 GHz', 'ssidType': 'NORMAL'}, {'apMacAddress': '04:bf:6d:5e:12:74', 'apPrimMacAddress': '04:bf:6d:5e:12:77', 'parentSSID': None, 'backhaulConnection': 'Wired', 'apSSID': 'APT_4832', 'parentRadio': None, 'apHNRole': '', 'apName': 'AP-4832_Bridge', 'parentMacAddress': '', 'apId': '8108662df1b804bf6d5e1277', 'lockToHNGroup': True, 'radio': '2.4 GHz', 'ssidType': 'NORMAL'}]"
2019-03-06 13:45:01,,True,e0e12656-46d6-41dd-bff7-29098a87cdec,2b729697-7e15-44ae-bede-673d634477a5,AP-4834,0,"[{'apMacAddress': '04:bf:6d:5e:26:7c', 'apPrimMacAddress': '04:bf:6d:5e:26:7f', 'parentSSID': None, 'backhaulConnection': 'Wired', 'apSSID': 'APT_4834', 'parentRadio': None, 'apHNRole': '', 'apName': 'AP-4834', 'parentMacAddress': '', 'apId': '8108662df1b804bf6d5e267f', 'lockToHNGroup': True, 'radio': '2.4 GHz', 'ssidType': 'NORMAL'}, {'apMacAddress': '04:bf:6d:5e:12:a9', 'apPrimMacAddress': '04:bf:6d:5e:12:ab', 'parentSSID': None, 'backhaulConnection': 'Wired', 'apSSID': 'APT_4834', 'parentRadio': None, 'apHNRole': '', 'apName': 'AP-4834_Bridge', 'parentMacAddress': '', 'apId': '8108662df1b804bf6d5e12ab', 'lockToHNGroup': True, 'radio': '5 GHz', 'ssidType': 'NORMAL'}]"
2019-03-06 13:45:01,,True,e0e12656-46d6-41dd-bff7-29098a87cdec,9117647e-f0d5-4dba-b93f-5c7de5432f2d,AP-4836,0,"[{'apMacAddress': '04:bf:6d:5e:26:80', 'apPrimMacAddress': '04:bf:6d:5e:26:83', 'parentSSID': None, 'backhaulConnection': 'Wired', 'apSSID': 'APT_4836', 'parentRadio': None, 'apHNRole': '', 'apName': 'AP-4836', 'parentMacAddress': '', 'apId': '8108662df1b804bf6d5e2683', 'lockToHNGroup': True, 'radio': '2.4 GHz', 'ssidType': 'NORMAL'}, {'apMacAddress': '04:bf:6d:5e:12:ac', 'apPrimMacAddress': '04:bf:6d:5e:12:af', 'parentSSID': None, 'backhaulConnection': 'Wired', 'apSSID': 'APT_4836', 'parentRadio': None, 'apHNRole': '', 'apName': 'AP-4836_Bridge', 'parentMacAddress': '', 'apId': '8108662df1b804bf6d5e12af', 'lockToHNGroup': True, 'radio': '2.4 GHz', 'ssidType': 'NORMAL'}]"
2019-03-06 13:45:01,,True,e0e12656-46d6-41dd-bff7-29098a87cdec,fd37fa7e-bc41-4554-86fe-dbc64bbf7872,AP-4840,0,"[{'apMacAddress': 'b8:ec:a3:2f:bd:38', 'apPrimMacAddress': 'b8:ec:a3:2f:bd:3b', 'parentSSID': None, 'backhaulConnection': 'Wired', 'apSSID': 'APT_4840', 'parentRadio': None, 'apHNRole': '', 'apName': 'AP-4840', 'parentMacAddress': '', 'apId': '8108662df1b8b8eca32fbd3b', 'lockToHNGroup': True, 'radio': '2.4 GHz', 'ssidType': 'NORMAL'}, {'apMacAddress': '04:bf:6d:5e:12:98', 'apPrimMacAddress': '04:bf:6d:5e:12:9b', 'parentSSID': None, 'backhaulConnection': 'Wired', 'apSSID': 'APT_4840', 'parentRadio': None, 'apHNRole': '', 'apName': 'AP-4840_Bridge', 'parentMacAddress': '', 'apId': '8108662df1b804bf6d5e129b', 'lockToHNGroup': True, 'radio': '2.4 GHz', 'ssidType': 'NORMAL'}]"
2019-03-06 14:45:01,,True,e0e12656-46d6-41dd-bff7-29098a87cdec,3d552507-1860-4ce8-9220-4ce0e867d407,AP-4826,0,"[{'apName': 'AP-4826', 'apSSID': 'APT_4826', 'apHNRole': '', 'backhaulConnection': 'Wired', 'parentRadio': None, 'lockToHNGroup': True, 'apId': '8108662df1b8b8eca32fbd37', 'apPrimMacAddress': 'b8:ec:a3:2f:bd:37', 'ssidType': 'NORMAL', 'parentMacAddress': '', 'radio': '2.4 GHz', 'apMacAddress': 'b8:ec:a3:2f:bd:34', 'parentSSID': None}, {'apName': 'AP-4826_Bridge', 'apSSID': 'APT_4826', 'apHNRole': '', 'backhaulConnection': 'Wired', 'parentRadio': None, 'lockToHNGroup': True, 'apId': '8108662df1b804bf6d5e1273', 'apPrimMacAddress': '04:bf:6d:5e:12:73', 'ssidType': 'NORMAL', 'parentMacAddress': '', 'radio': '5 GHz', 'apMacAddress': '04:bf:6d:5e:12:71', 'parentSSID': None}]"
2019-03-06 14:45:01,,True,e0e12656-46d6-41dd-bff7-29098a87cdec,f85598b0-b2f1-4cd3-bbe0-51ff5fb65c13,AP-4832,0,"[{'apName': 'AP-4832', 'apSSID': 'APT_4832', 'apHNRole': '', 'backhaulConnection': 'Wired', 'parentRadio': None, 'lockToHNGroup': True, 'apId': '8108662df1b804bf6d5e12b3', 'apPrimMacAddress': '04:bf:6d:5e:12:b3', 'ssidType': 'NORMAL', 'parentMacAddress': '', 'radio': '2.4 GHz', 'apMacAddress': '04:bf:6d:5e:12:b0', 'parentSSID': None}, {'apName': 'AP-4832_Bridge', 'apSSID': 'APT_4832', 'apHNRole': '', 'backhaulConnection': 'Wired', 'parentRadio': None, 'lockToHNGroup': True, 'apId': '8108662df1b804bf6d5e1277', 'apPrimMacAddress': '04:bf:6d:5e:12:77', 'ssidType': 'NORMAL', 'parentMacAddress': '', 'radio': '2.4 GHz', 'apMacAddress': '04:bf:6d:5e:12:74', 'parentSSID': None}]"
2019-03-06 14:45:01,,True,e0e12656-46d6-41dd-bff7-29098a87cdec,2b729697-7e15-44ae-bede-673d634477a5,AP-4834,0,"[{'apName': 'AP-4834', 'apSSID': 'APT_4834', 'apHNRole': '', 'backhaulConnection': 'Wired', 'parentRadio': None, 'lockToHNGroup': True, 'apId': '8108662df1b804bf6d5e267f', 'apPrimMacAddress': '04:bf:6d:5e:26:7f', 'ssidType': 'NORMAL', 'parentMacAddress': '', 'radio': '2.4 GHz', 'apMacAddress': '04:bf:6d:5e:26:7c', 'parentSSID': None}, {'apName': 'AP-4834_Bridge', 'apSSID': 'APT_4834', 'apHNRole': '', 'backhaulConnection': 'Wired', 'parentRadio': None, 'lockToHNGroup': True, 'apId': '8108662df1b804bf6d5e12ab', 'apPrimMacAddress': '04:bf:6d:5e:12:ab', 'ssidType': 'NORMAL', 'parentMacAddress': '', 'radio': '5 GHz', 'apMacAddress': '04:bf:6d:5e:12:a9', 'parentSSID': None}]"
2019-03-06 14:45:01,,True,e0e12656-46d6-41dd-bff7-29098a87cdec,9117647e-f0d5-4dba-b93f-5c7de5432f2d,AP-4836,0,"[{'apName': 'AP-4836', 'apSSID': 'APT_4836', 'apHNRole': '', 'backhaulConnection': 'Wired', 'parentRadio': None, 'lockToHNGroup': True, 'apId': '8108662df1b804bf6d5e2683', 'apPrimMacAddress': '04:bf:6d:5e:26:83', 'ssidType': 'NORMAL', 'parentMacAddress': '', 'radio': '2.4 GHz', 'apMacAddress': '04:bf:6d:5e:26:80', 'parentSSID': None}, {'apName': 'AP-4836_Bridge', 'apSSID': 'APT_4836', 'apHNRole': '', 'backhaulConnection': 'Wired', 'parentRadio': None, 'lockToHNGroup': True, 'apId': '8108662df1b804bf6d5e12af', 'apPrimMacAddress': '04:bf:6d:5e:12:af', 'ssidType': 'NORMAL', 'parentMacAddress': '', 'radio': '2.4 GHz', 'apMacAddress': '04:bf:6d:5e:12:ac', 'parentSSID': None}]"
2019-03-06 14:45:01,,True,e0e12656-46d6-41dd-bff7-29098a87cdec,fd37fa7e-bc41-4554-86fe-dbc64bbf7872,AP-4840,0,"[{'apName': 'AP-4840', 'apSSID': 'APT_4840', 'apHNRole': '', 'backhaulConnection': 'Wired', 'parentRadio': None, 'lockToHNGroup': True, 'apId': '8108662df1b8b8eca32fbd3b', 'apPrimMacAddress': 'b8:ec:a3:2f:bd:3b', 'ssidType': 'NORMAL', 'parentMacAddress': '', 'radio': '2.4 GHz', 'apMacAddress': 'b8:ec:a3:2f:bd:38', 'parentSSID': None}, {'apName': 'AP-4840_Bridge', 'apSSID': 'APT_4840', 'apHNRole': '', 'backhaulConnection': 'Wired', 'parentRadio': None, 'lockToHNGroup': True, 'apId': '8108662df1b804bf6d5e129b', 'apPrimMacAddress': '04:bf:6d:5e:12:9b', 'ssidType': 'NORMAL', 'parentMacAddress': '', 'radio': '2.4 GHz', 'apMacAddress': '04:bf:6d:5e:12:98', 'parentSSID': None}]"
2019-03-06 15:45:01,,True,e0e12656-46d6-41dd-bff7-29098a87cdec,3d552507-1860-4ce8-9220-4ce0e867d407,AP-4826,0,"[{'apMacAddress': 'b8:ec:a3:2f:bd:34', 'lockToHNGroup': True, 'apHNRole': '', 'parentSSID': None, 'apSSID': 'APT_4826', 'apId': '8108662df1b8b8eca32fbd37', 'apPrimMacAddress': 'b8:ec:a3:2f:bd:37', 'backhaulConnection': 'Wired', 'parentMacAddress': '', 'apName': 'AP-4826', 'parentRadio': None, 'radio': '2.4 GHz', 'ssidType': 'NORMAL'}, {'apMacAddress': '04:bf:6d:5e:12:71', 'lockToHNGroup': True, 'apHNRole': '', 'parentSSID': None, 'apSSID': 'APT_4826', 'apId': '8108662df1b804bf6d5e1273', 'apPrimMacAddress': '04:bf:6d:5e:12:73', 'backhaulConnection': 'Wired', 'parentMacAddress': '', 'apName': 'AP-4826_Bridge', 'parentRadio': None, 'radio': '5 GHz', 'ssidType': 'NORMAL'}]"
2019-03-06 15:45:01,,True,e0e12656-46d6-41dd-bff7-29098a87cdec,f85598b0-b2f1-4cd3-bbe0-51ff5fb65c13,AP-4832,0,"[{'apMacAddress': '04:bf:6d:5e:12:b0', 'lockToHNGroup': True, 'apHNRole': '', 'parentSSID': None, 'apSSID': 'APT_4832', 'apId': '8108662df1b804bf6d5e12b3', 'apPrimMacAddress': '04:bf:6d:5e:12:b3', 'backhaulConnection': 'Wired', 'parentMacAddress': '', 'apName': 'AP-4832', 'parentRadio': None, 'radio': '2.4 GHz', 'ssidType': 'NORMAL'}, {'apMacAddress': '04:bf:6d:5e:12:74', 'lockToHNGroup': True, 'apHNRole': '', 'parentSSID': None, 'apSSID': 'APT_4832', 'apId': '8108662df1b804bf6d5e1277', 'apPrimMacAddress': '04:bf:6d:5e:12:77', 'backhaulConnection': 'Wired', 'parentMacAddress': '', 'apName': 'AP-4832_Bridge', 'parentRadio': None, 'radio': '2.4 GHz', 'ssidType': 'NORMAL'}]"
2019-03-06 15:45:01,,True,e0e12656-46d6-41dd-bff7-29098a87cdec,2b729697-7e15-44ae-bede-673d634477a5,AP-4834,0,"[{'apMacAddress': '04:bf:6d:5e:26:7c', 'lockToHNGroup': True, 'apHNRole': '', 'parentSSID': None, 'apSSID': 'APT_4834', 'apId': '8108662df1b804bf6d5e267f', 'apPrimMacAddress': '04:bf:6d:5e:26:7f', 'backhaulConnection': 'Wired', 'parentMacAddress': '', 'apName': 'AP-4834', 'parentRadio': None, 'radio': '2.4 GHz', 'ssidType': 'NORMAL'}, {'apMacAddress': '04:bf:6d:5e:12:a9', 'lockToHNGroup': True, 'apHNRole': '', 'parentSSID': None, 'apSSID': 'APT_4834', 'apId': '8108662df1b804bf6d5e12ab', 'apPrimMacAddress': '04:bf:6d:5e:12:ab', 'backhaulConnection': 'Wired', 'parentMacAddress': '', 'apName': 'AP-4834_Bridge', 'parentRadio': None, 'radio': '5 GHz', 'ssidType': 'NORMAL'}]"
2019-03-06 15:45:01,,True,e0e12656-46d6-41dd-bff7-29098a87cdec,9117647e-f0d5-4dba-b93f-5c7de5432f2d,AP-4836,0,"[{'apMacAddress': '04:bf:6d:5e:26:80', 'lockToHNGroup': True, 'apHNRole': '', 'parentSSID': None, 'apSSID': 'APT_4836', 'apId': '8108662df1b804bf6d5e2683', 'apPrimMacAddress': '04:bf:6d:5e:26:83', 'backhaulConnection': 'Wired', 'parentMacAddress': '', 'apName': 'AP-4836', 'parentRadio': None, 'radio': '2.4 GHz', 'ssidType': 'NORMAL'}, {'apMacAddress': '04:bf:6d:5e:12:ac', 'lockToHNGroup': True, 'apHNRole': '', 'parentSSID': None, 'apSSID': 'APT_4836', 'apId': '8108662df1b804bf6d5e12af', 'apPrimMacAddress': '04:bf:6d:5e:12:af', 'backhaulConnection': 'Wired', 'parentMacAddress': '', 'apName': 'AP-4836_Bridge', 'parentRadio': None, 'radio': '2.4 GHz', 'ssidType': 'NORMAL'}]"
2019-03-06 15:45:01,,True,e0e12656-46d6-41dd-bff7-29098a87cdec,fd37fa7e-bc41-4554-86fe-dbc64bbf7872,AP-4840,0,"[{'apMacAddress': 'b8:ec:a3:2f:bd:38', 'lockToHNGroup': True, 'apHNRole': '', 'parentSSID': None, 'apSSID': 'APT_4840', 'apId': '8108662df1b8b8eca32fbd3b', 'apPrimMacAddress': 'b8:ec:a3:2f:bd:3b', 'backhaulConnection': 'Wired', 'parentMacAddress': '', 'apName': 'AP-4840', 'parentRadio': None, 'radio': '2.4 GHz', 'ssidType': 'NORMAL'}, {'apMacAddress': '04:bf:6d:5e:12:98', 'lockToHNGroup': True, 'apHNRole': '', 'parentSSID': None, 'apSSID': 'APT_4840', 'apId': '8108662df1b804bf6d5e129b', 'apPrimMacAddress': '04:bf:6d:5e:12:9b', 'backhaulConnection': 'Wired', 'parentMacAddress': '', 'apName': 'AP-4840_Bridge', 'parentRadio': None, 'radio': '2.4 GHz', 'ssidType': 'NORMAL'}]"
2019-03-06 16:45:01,,True,e0e12656-46d6-41dd-bff7-29098a87cdec,3d552507-1860-4ce8-9220-4ce0e867d407,AP-4826,0,"[{'apId': '8108662df1b8b8eca32fbd37', 'parentMacAddress': '', 'radio': '2.4 GHz', 'lockToHNGroup': True, 'apName': 'AP-4826', 'apPrimMacAddress': 'b8:ec:a3:2f:bd:37', 'apMacAddress': 'b8:ec:a3:2f:bd:34', 'apHNRole': '', 'apSSID': 'APT_4826', 'backhaulConnection': 'Wired', 'ssidType': 'NORMAL', 'parentSSID': None, 'parentRadio': None}, {'apId': '8108662df1b804bf6d5e1273', 'parentMacAddress': '', 'radio': '5 GHz', 'lockToHNGroup': True, 'apName': 'AP-4826_Bridge', 'apPrimMacAddress': '04:bf:6d:5e:12:73', 'apMacAddress': '04:bf:6d:5e:12:71', 'apHNRole': '', 'apSSID': 'APT_4826', 'backhaulConnection': 'Wired', 'ssidType': 'NORMAL', 'parentSSID': None, 'parentRadio': None}]"
2019-03-06 16:45:01,,True,e0e12656-46d6-41dd-bff7-29098a87cdec,f85598b0-b2f1-4cd3-bbe0-51ff5fb65c13,AP-4832,0,"[{'apId': '8108662df1b804bf6d5e12b3', 'parentMacAddress': '', 'radio': '2.4 GHz', 'lockToHNGroup': True, 'apName': 'AP-4832', 'apPrimMacAddress': '04:bf:6d:5e:12:b3', 'apMacAddress': '04:bf:6d:5e:12:b0', 'apHNRole': '', 'apSSID': 'APT_4832', 'backhaulConnection': 'Wired', 'ssidType': 'NORMAL', 'parentSSID': None, 'parentRadio': None}, {'apId': '8108662df1b804bf6d5e1277', 'parentMacAddress': '', 'radio': '2.4 GHz', 'lockToHNGroup': True, 'apName': 'AP-4832_Bridge', 'apPrimMacAddress': '04:bf:6d:5e:12:77', 'apMacAddress': '04:bf:6d:5e:12:74', 'apHNRole': '', 'apSSID': 'APT_4832', 'backhaulConnection': 'Wired', 'ssidType': 'NORMAL', 'parentSSID': None, 'parentRadio': None}]"
2019-03-06 16:45:01,,True,e0e12656-46d6-41dd-bff7-29098a87cdec,2b729697-7e15-44ae-bede-673d634477a5,AP-4834,0,"[{'apId': '8108662df1b804bf6d5e267f', 'parentMacAddress': '', 'radio': '2.4 GHz', 'lockToHNGroup': True, 'apName': 'AP-4834', 'apPrimMacAddress': '04:bf:6d:5e:26:7f', 'apMacAddress': '04:bf:6d:5e:26:7c', 'apHNRole': '', 'apSSID': 'APT_4834', 'backhaulConnection': 'Wired', 'ssidType': 'NORMAL', 'parentSSID': None, 'parentRadio': None}, {'apId': '8108662df1b804bf6d5e12ab', 'parentMacAddress': '', 'radio': '5 GHz', 'lockToHNGroup': True, 'apName': 'AP-4834_Bridge', 'apPrimMacAddress': '04:bf:6d:5e:12:ab', 'apMacAddress': '04:bf:6d:5e:12:a9', 'apHNRole': '', 'apSSID': 'APT_4834', 'backhaulConnection': 'Wired', 'ssidType': 'NORMAL', 'parentSSID': None, 'parentRadio': None}]"
2019-03-06 16:45:01,,True,e0e12656-46d6-41dd-bff7-29098a87cdec,9117647e-f0d5-4dba-b93f-5c7de5432f2d,AP-4836,0,"[{'apId': '8108662df1b804bf6d5e2683', 'parentMacAddress': '', 'radio': '2.4 GHz', 'lockToHNGroup': True, 'apName': 'AP-4836', 'apPrimMacAddress': '04:bf:6d:5e:26:83', 'apMacAddress': '04:bf:6d:5e:26:80', 'apHNRole': '', 'apSSID': 'APT_4836', 'backhaulConnection': 'Wired', 'ssidType': 'NORMAL', 'parentSSID': None, 'parentRadio': None}, {'apId': '8108662df1b804bf6d5e12af', 'parentMacAddress': '', 'radio': '2.4 GHz', 'lockToHNGroup': True, 'apName': 'AP-4836_Bridge', 'apPrimMacAddress': '04:bf:6d:5e:12:af', 'apMacAddress': '04:bf:6d:5e:12:ac', 'apHNRole': '', 'apSSID': 'APT_4836', 'backhaulConnection': 'Wired', 'ssidType': 'NORMAL', 'parentSSID': None, 'parentRadio': None}]"
2019-03-06 16:45:01,,True,e0e12656-46d6-41dd-bff7-29098a87cdec,fd37fa7e-bc41-4554-86fe-dbc64bbf7872,AP-4840,0,"[{'apId': '8108662df1b8b8eca32fbd3b', 'parentMacAddress': '', 'radio': '2.4 GHz', 'lockToHNGroup': True, 'apName': 'AP-4840', 'apPrimMacAddress': 'b8:ec:a3:2f:bd:3b', 'apMacAddress': 'b8:ec:a3:2f:bd:38', 'apHNRole': '', 'apSSID': 'APT_4840', 'backhaulConnection': 'Wired', 'ssidType': 'NORMAL', 'parentSSID': None, 'parentRadio': None}, {'apId': '8108662df1b804bf6d5e129b', 'parentMacAddress': '', 'radio': '2.4 GHz', 'lockToHNGroup': True, 'apName': 'AP-4840_Bridge', 'apPrimMacAddress': '04:bf:6d:5e:12:9b', 'apMacAddress': '04:bf:6d:5e:12:98', 'apHNRole': '', 'apSSID': 'APT_4840', 'backhaulConnection': 'Wired', 'ssidType': 'NORMAL', 'parentSSID': None, 'parentRadio': None}]"
2019-03-06 17:45:01,,True,e0e12656-46d6-41dd-bff7-29098a87cdec,3d552507-1860-4ce8-9220-4ce0e867d407,AP-4826,0,"[{'apName': 'AP-4826', 'parentSSID': None, 'apSSID': 'APT_4826', 'backhaulConnection': 'Wired', 'apHNRole': '', 'apPrimMacAddress': 'b8:ec:a3:2f:bd:37', 'apId': '8108662df1b8b8eca32fbd37', 'ssidType': 'NORMAL', 'lockToHNGroup': True, 'apMacAddress': 'b8:ec:a3:2f:bd:34', 'radio': '2.4 GHz', 'parentMacAddress': '', 'parentRadio': None}, {'apName': 'AP-4826_Bridge', 'parentSSID': None, 'apSSID': 'APT_4826', 'backhaulConnection': 'Wired', 'apHNRole': '', 'apPrimMacAddress': '04:bf:6d:5e:12:73', 'apId': '8108662df1b804bf6d5e1273', 'ssidType': 'NORMAL', 'lockToHNGroup': True, 'apMacAddress': '04:bf:6d:5e:12:71', 'radio': '5 GHz', 'parentMacAddress': '', 'parentRadio': None}]"
2019-03-06 17:45:01,,True,e0e12656-46d6-41dd-bff7-29098a87cdec,f85598b0-b2f1-4cd3-bbe0-51ff5fb65c13,AP-4832,0,"[{'apName': 'AP-4832', 'parentSSID': None, 'apSSID': 'APT_4832', 'backhaulConnection': 'Wired', 'apHNRole': '', 'apPrimMacAddress': '04:bf:6d:5e:12:b3', 'apId': '8108662df1b804bf6d5e12b3', 'ssidType': 'NORMAL', 'lockToHNGroup': True, 'apMacAddress': '04:bf:6d:5e:12:b0', 'radio': '2.4 GHz', 'parentMacAddress': '', 'parentRadio': None}, {'apName': 'AP-4832_Bridge', 'parentSSID': None, 'apSSID': 'APT_4832', 'backhaulConnection': 'Wired', 'apHNRole': '', 'apPrimMacAddress': '04:bf:6d:5e:12:77', 'apId': '8108662df1b804bf6d5e1277', 'ssidType': 'NORMAL', 'lockToHNGroup': True, 'apMacAddress': '04:bf:6d:5e:12:74', 'radio': '2.4 GHz', 'parentMacAddress': '', 'parentRadio': None}]"
2019-03-06 17:45:01,,True,e0e12656-46d6-41dd-bff7-29098a87cdec,2b729697-7e15-44ae-bede-673d634477a5,AP-4834,0,"[{'apName': 'AP-4834', 'parentSSID': None, 'apSSID': 'APT_4834', 'backhaulConnection': 'Wired', 'apHNRole': '', 'apPrimMacAddress': '04:bf:6d:5e:26:7f', 'apId': '8108662df1b804bf6d5e267f', 'ssidType': 'NORMAL', 'lockToHNGroup': True, 'apMacAddress': '04:bf:6d:5e:26:7c', 'radio': '2.4 GHz', 'parentMacAddress': '', 'parentRadio': None}, {'apName': 'AP-4834_Bridge', 'parentSSID': None, 'apSSID': 'APT_4834', 'backhaulConnection': 'Wired', 'apHNRole': '', 'apPrimMacAddress': '04:bf:6d:5e:12:ab', 'apId': '8108662df1b804bf6d5e12ab', 'ssidType': 'NORMAL', 'lockToHNGroup': True, 'apMacAddress': '04:bf:6d:5e:12:a9', 'radio': '5 GHz', 'parentMacAddress': '', 'parentRadio': None}]"
2019-03-06 17:45:01,,True,e0e12656-46d6-41dd-bff7-29098a87cdec,9117647e-f0d5-4dba-b93f-5c7de5432f2d,AP-4836,0,"[{'apName': 'AP-4836', 'parentSSID': None, 'apSSID': 'APT_4836', 'backhaulConnection': 'Wired', 'apHNRole': '', 'apPrimMacAddress': '04:bf:6d:5e:26:83', 'apId': '8108662df1b804bf6d5e2683', 'ssidType': 'NORMAL', 'lockToHNGroup': True, 'apMacAddress': '04:bf:6d:5e:26:80', 'radio': '2.4 GHz', 'parentMacAddress': '', 'parentRadio': None}, {'apName': 'AP-4836_Bridge', 'parentSSID': None, 'apSSID': 'APT_4836', 'backhaulConnection': 'Wired', 'apHNRole': '', 'apPrimMacAddress': '04:bf:6d:5e:12:af', 'apId': '8108662df1b804bf6d5e12af', 'ssidType': 'NORMAL', 'lockToHNGroup': True, 'apMacAddress': '04:bf:6d:5e:12:ac', 'radio': '2.4 GHz', 'parentMacAddress': '', 'parentRadio': None}]"
2019-03-06 17:45:01,,True,e0e12656-46d6-41dd-bff7-29098a87cdec,fd37fa7e-bc41-4554-86fe-dbc64bbf7872,AP-4840,0,"[{'apName': 'AP-4840', 'parentSSID': None, 'apSSID': 'APT_4840', 'backhaulConnection': 'Wired', 'apHNRole': '', 'apPrimMacAddress': 'b8:ec:a3:2f:bd:3b', 'apId': '8108662df1b8b8eca32fbd3b', 'ssidType': 'NORMAL', 'lockToHNGroup': True, 'apMacAddress': 'b8:ec:a3:2f:bd:38', 'radio': '2.4 GHz', 'parentMacAddress': '', 'parentRadio': None}, {'apName': 'AP-4840_Bridge', 'parentSSID': None, 'apSSID': 'APT_4840', 'backhaulConnection': 'Wired', 'apHNRole': '', 'apPrimMacAddress': '04:bf:6d:5e:12:9b', 'apId': '8108662df1b804bf6d5e129b', 'ssidType': 'NORMAL', 'lockToHNGroup': True, 'apMacAddress': '04:bf:6d:5e:12:98', 'radio': '2.4 GHz', 'parentMacAddress': '', 'parentRadio': None}]"
2019-03-06 18:45:01,,True,e0e12656-46d6-41dd-bff7-29098a87cdec,3d552507-1860-4ce8-9220-4ce0e867d407,AP-4826,0,"[{'apHNRole': '', 'apId': '8108662df1b8b8eca32fbd37', 'apName': 'AP-4826', 'parentMacAddress': '', 'lockToHNGroup': True, 'apMacAddress': 'b8:ec:a3:2f:bd:34', 'apSSID': 'APT_4826', 'parentRadio': None, 'apPrimMacAddress': 'b8:ec:a3:2f:bd:37', 'parentSSID': None, 'ssidType': 'NORMAL', 'backhaulConnection': 'Wired', 'radio': '2.4 GHz'}, {'apHNRole': '', 'apId': '8108662df1b804bf6d5e1273', 'apName': 'AP-4826_Bridge', 'parentMacAddress': '', 'lockToHNGroup': True, 'apMacAddress': '04:bf:6d:5e:12:71', 'apSSID': 'APT_4826', 'parentRadio': None, 'apPrimMacAddress': '04:bf:6d:5e:12:73', 'parentSSID': None, 'ssidType': 'NORMAL', 'backhaulConnection': 'Wired', 'radio': '5 GHz'}]"
2019-03-06 18:45:01,,True,e0e12656-46d6-41dd-bff7-29098a87cdec,f85598b0-b2f1-4cd3-bbe0-51ff5fb65c13,AP-4832,0,"[{'apHNRole': '', 'apId': '8108662df1b804bf6d5e12b3', 'apName': 'AP-4832', 'parentMacAddress': '', 'lockToHNGroup': True, 'apMacAddress': '04:bf:6d:5e:12:b0', 'apSSID': 'APT_4832', 'parentRadio': None, 'apPrimMacAddress': '04:bf:6d:5e:12:b3', 'parentSSID': None, 'ssidType': 'NORMAL', 'backhaulConnection': 'Wired', 'radio': '2.4 GHz'}, {'apHNRole': '', 'apId': '8108662df1b804bf6d5e1277', 'apName': 'AP-4832_Bridge', 'parentMacAddress': '', 'lockToHNGroup': True, 'apMacAddress': '04:bf:6d:5e:12:74', 'apSSID': 'APT_4832', 'parentRadio': None, 'apPrimMacAddress': '04:bf:6d:5e:12:77', 'parentSSID': None, 'ssidType': 'NORMAL', 'backhaulConnection': 'Wired', 'radio': '2.4 GHz'}]"
2019-03-06 18:45:01,,True,e0e12656-46d6-41dd-bff7-29098a87cdec,2b729697-7e15-44ae-bede-673d634477a5,AP-4834,0,"[{'apHNRole': '', 'apId': '8108662df1b804bf6d5e267f', 'apName': 'AP-4834', 'parentMacAddress': '', 'lockToHNGroup': True, 'apMacAddress': '04:bf:6d:5e:26:7c', 'apSSID': 'APT_4834', 'parentRadio': None, 'apPrimMacAddress': '04:bf:6d:5e:26:7f', 'parentSSID': None, 'ssidType': 'NORMAL', 'backhaulConnection': 'Wired', 'radio': '2.4 GHz'}, {'apHNRole': '', 'apId': '8108662df1b804bf6d5e12ab', 'apName': 'AP-4834_Bridge', 'parentMacAddress': '', 'lockToHNGroup': True, 'apMacAddress': '04:bf:6d:5e:12:a9', 'apSSID': 'APT_4834', 'parentRadio': None, 'apPrimMacAddress': '04:bf:6d:5e:12:ab', 'parentSSID': None, 'ssidType': 'NORMAL', 'backhaulConnection': 'Wired', 'radio': '5 GHz'}]"
2019-03-06 18:45:01,,True,e0e12656-46d6-41dd-bff7-29098a87cdec,9117647e-f0d5-4dba-b93f-5c7de5432f2d,AP-4836,0,"[{'apHNRole': '', 'apId': '8108662df1b804bf6d5e2683', 'apName': 'AP-4836', 'parentMacAddress': '', 'lockToHNGroup': True, 'apMacAddress': '04:bf:6d:5e:26:80', 'apSSID': 'APT_4836', 'parentRadio': None, 'apPrimMacAddress': '04:bf:6d:5e:26:83', 'parentSSID': None, 'ssidType': 'NORMAL', 'backhaulConnection': 'Wired', 'radio': '2.4 GHz'}, {'apHNRole': '', 'apId': '8108662df1b804bf6d5e12af', 'apName': 'AP-4836_Bridge', 'parentMacAddress': '', 'lockToHNGroup': True, 'apMacAddress': '04:bf:6d:5e:12:ac', 'apSSID': 'APT_4836', 'parentRadio': None, 'apPrimMacAddress': '04:bf:6d:5e:12:af', 'parentSSID': None, 'ssidType': 'NORMAL', 'backhaulConnection': 'Wired', 'radio': '2.4 GHz'}]"
2019-03-06 18:45:01,,True,e0e12656-46d6-41dd-bff7-29098a87cdec,fd37fa7e-bc41-4554-86fe-dbc64bbf7872,AP-4840,0,"[{'apHNRole': '', 'apId': '8108662df1b8b8eca32fbd3b', 'apName': 'AP-4840', 'parentMacAddress': '', 'lockToHNGroup': True, 'apMacAddress': 'b8:ec:a3:2f:bd:38', 'apSSID': 'APT_4840', 'parentRadio': None, 'apPrimMacAddress': 'b8:ec:a3:2f:bd:3b', 'parentSSID': None, 'ssidType': 'NORMAL', 'backhaulConnection': 'Wired', 'radio': '2.4 GHz'}, {'apHNRole': '', 'apId': '8108662df1b804bf6d5e129b', 'apName': 'AP-4840_Bridge', 'parentMacAddress': '', 'lockToHNGroup': True, 'apMacAddress': '04:bf:6d:5e:12:98', 'apSSID': 'APT_4840', 'parentRadio': None, 'apPrimMacAddress': '04:bf:6d:5e:12:9b', 'parentSSID': None, 'ssidType': 'NORMAL', 'backhaulConnection': 'Wired', 'radio': '2.4 GHz'}]"
2019-03-06 19:45:02,,True,e0e12656-46d6-41dd-bff7-29098a87cdec,3d552507-1860-4ce8-9220-4ce0e867d407,AP-4826,0,"[{'radio': '2.4 GHz', 'parentMacAddress': '', 'backhaulConnection': 'Wired', 'apSSID': 'APT_4826', 'apId': '8108662df1b8b8eca32fbd37', 'apName': 'AP-4826', 'ssidType': 'NORMAL', 'lockToHNGroup': True, 'apHNRole': '', 'apMacAddress': 'b8:ec:a3:2f:bd:34', 'parentRadio': None, 'apPrimMacAddress': 'b8:ec:a3:2f:bd:37', 'parentSSID': None}, {'radio': '5 GHz', 'parentMacAddress': '', 'backhaulConnection': 'Wired', 'apSSID': 'APT_4826', 'apId': '8108662df1b804bf6d5e1273', 'apName': 'AP-4826_Bridge', 'ssidType': 'NORMAL', 'lockToHNGroup': True, 'apHNRole': '', 'apMacAddress': '04:bf:6d:5e:12:71', 'parentRadio': None, 'apPrimMacAddress': '04:bf:6d:5e:12:73', 'parentSSID': None}]"
2019-03-06 19:45:02,,True,e0e12656-46d6-41dd-bff7-29098a87cdec,f85598b0-b2f1-4cd3-bbe0-51ff5fb65c13,AP-4832,0,"[{'radio': '2.4 GHz', 'parentMacAddress': '', 'backhaulConnection': 'Wired', 'apSSID': 'APT_4832', 'apId': '8108662df1b804bf6d5e12b3', 'apName': 'AP-4832', 'ssidType': 'NORMAL', 'lockToHNGroup': True, 'apHNRole': '', 'apMacAddress': '04:bf:6d:5e:12:b0', 'parentRadio': None, 'apPrimMacAddress': '04:bf:6d:5e:12:b3', 'parentSSID': None}, {'radio': '2.4 GHz', 'parentMacAddress': '', 'backhaulConnection': 'Wired', 'apSSID': 'APT_4832', 'apId': '8108662df1b804bf6d5e1277', 'apName': 'AP-4832_Bridge', 'ssidType': 'NORMAL', 'lockToHNGroup': True, 'apHNRole': '', 'apMacAddress': '04:bf:6d:5e:12:74', 'parentRadio': None, 'apPrimMacAddress': '04:bf:6d:5e:12:77', 'parentSSID': None}]"
2019-03-06 19:45:02,,True,e0e12656-46d6-41dd-bff7-29098a87cdec,2b729697-7e15-44ae-bede-673d634477a5,AP-4834,0,"[{'radio': '2.4 GHz', 'parentMacAddress': '', 'backhaulConnection': 'Wired', 'apSSID': 'APT_4834', 'apId': '8108662df1b804bf6d5e267f', 'apName': 'AP-4834', 'ssidType': 'NORMAL', 'lockToHNGroup': True, 'apHNRole': '', 'apMacAddress': '04:bf:6d:5e:26:7c', 'parentRadio': None, 'apPrimMacAddress': '04:bf:6d:5e:26:7f', 'parentSSID': None}, {'radio': '5 GHz', 'parentMacAddress': '', 'backhaulConnection': 'Wired', 'apSSID': 'APT_4834', 'apId': '8108662df1b804bf6d5e12ab', 'apName': 'AP-4834_Bridge', 'ssidType': 'NORMAL', 'lockToHNGroup': True, 'apHNRole': '', 'apMacAddress': '04:bf:6d:5e:12:a9', 'parentRadio': None, 'apPrimMacAddress': '04:bf:6d:5e:12:ab', 'parentSSID': None}]"
2019-03-06 19:45:02,,True,e0e12656-46d6-41dd-bff7-29098a87cdec,9117647e-f0d5-4dba-b93f-5c7de5432f2d,AP-4836,0,"[{'radio': '2.4 GHz', 'parentMacAddress': '', 'backhaulConnection': 'Wired', 'apSSID': 'APT_4836', 'apId': '8108662df1b804bf6d5e2683', 'apName': 'AP-4836', 'ssidType': 'NORMAL', 'lockToHNGroup': True, 'apHNRole': '', 'apMacAddress': '04:bf:6d:5e:26:80', 'parentRadio': None, 'apPrimMacAddress': '04:bf:6d:5e:26:83', 'parentSSID': None}, {'radio': '2.4 GHz', 'parentMacAddress': '', 'backhaulConnection': 'Wired', 'apSSID': 'APT_4836', 'apId': '8108662df1b804bf6d5e12af', 'apName': 'AP-4836_Bridge', 'ssidType': 'NORMAL', 'lockToHNGroup': True, 'apHNRole': '', 'apMacAddress': '04:bf:6d:5e:12:ac', 'parentRadio': None, 'apPrimMacAddress': '04:bf:6d:5e:12:af', 'parentSSID': None}]"
2019-03-06 19:45:02,,True,e0e12656-46d6-41dd-bff7-29098a87cdec,fd37fa7e-bc41-4554-86fe-dbc64bbf7872,AP-4840,0,"[{'radio': '2.4 GHz', 'parentMacAddress': '', 'backhaulConnection': 'Wired', 'apSSID': 'APT_4840', 'apId': '8108662df1b8b8eca32fbd3b', 'apName': 'AP-4840', 'ssidType': 'NORMAL', 'lockToHNGroup': True, 'apHNRole': '', 'apMacAddress': 'b8:ec:a3:2f:bd:38', 'parentRadio': None, 'apPrimMacAddress': 'b8:ec:a3:2f:bd:3b', 'parentSSID': None}, {'radio': '2.4 GHz', 'parentMacAddress': '', 'backhaulConnection': 'Wired', 'apSSID': 'APT_4840', 'apId': '8108662df1b804bf6d5e129b', 'apName': 'AP-4840_Bridge', 'ssidType': 'NORMAL', 'lockToHNGroup': True, 'apHNRole': '', 'apMacAddress': '04:bf:6d:5e:12:98', 'parentRadio': None, 'apPrimMacAddress': '04:bf:6d:5e:12:9b', 'parentSSID': None}]"
2019-03-06 20:45:02,,True,e0e12656-46d6-41dd-bff7-29098a87cdec,3d552507-1860-4ce8-9220-4ce0e867d407,AP-4826,0,"[{'ssidType': 'NORMAL', 'apId': '8108662df1b8b8eca32fbd37', 'apHNRole': '', 'lockToHNGroup': True, 'parentMacAddress': '', 'parentSSID': None, 'apName': 'AP-4826', 'backhaulConnection': 'Wired', 'radio': '2.4 GHz', 'apSSID': 'APT_4826', 'parentRadio': None, 'apPrimMacAddress': 'b8:ec:a3:2f:bd:37', 'apMacAddress': 'b8:ec:a3:2f:bd:34'}, {'ssidType': 'NORMAL', 'apId': '8108662df1b804bf6d5e1273', 'apHNRole': '', 'lockToHNGroup': True, 'parentMacAddress': '', 'parentSSID': None, 'apName': 'AP-4826_Bridge', 'backhaulConnection': 'Wired', 'radio': '5 GHz', 'apSSID': 'APT_4826', 'parentRadio': None, 'apPrimMacAddress': '04:bf:6d:5e:12:73', 'apMacAddress': '04:bf:6d:5e:12:71'}]"
2019-03-06 20:45:02,,True,e0e12656-46d6-41dd-bff7-29098a87cdec,f85598b0-b2f1-4cd3-bbe0-51ff5fb65c13,AP-4832,0,"[{'ssidType': 'NORMAL', 'apId': '8108662df1b804bf6d5e12b3', 'apHNRole': '', 'lockToHNGroup': True, 'parentMacAddress': '', 'parentSSID': None, 'apName': 'AP-4832', 'backhaulConnection': 'Wired', 'radio': '2.4 GHz', 'apSSID': 'APT_4832', 'parentRadio': None, 'apPrimMacAddress': '04:bf:6d:5e:12:b3', 'apMacAddress': '04:bf:6d:5e:12:b0'}, {'ssidType': 'NORMAL', 'apId': '8108662df1b804bf6d5e1277', 'apHNRole': '', 'lockToHNGroup': True, 'parentMacAddress': '', 'parentSSID': None, 'apName': 'AP-4832_Bridge', 'backhaulConnection': 'Wired', 'radio': '2.4 GHz', 'apSSID': 'APT_4832', 'parentRadio': None, 'apPrimMacAddress': '04:bf:6d:5e:12:77', 'apMacAddress': '04:bf:6d:5e:12:74'}]"
2019-03-06 20:45:02,,True,e0e12656-46d6-41dd-bff7-29098a87cdec,2b729697-7e15-44ae-bede-673d634477a5,AP-4834,0,"[{'ssidType': 'NORMAL', 'apId': '8108662df1b804bf6d5e267f', 'apHNRole': '', 'lockToHNGroup': True, 'parentMacAddress': '', 'parentSSID': None, 'apName': 'AP-4834', 'backhaulConnection': 'Wired', 'radio': '2.4 GHz', 'apSSID': 'APT_4834', 'parentRadio': None, 'apPrimMacAddress': '04:bf:6d:5e:26:7f', 'apMacAddress': '04:bf:6d:5e:26:7c'}, {'ssidType': 'NORMAL', 'apId': '8108662df1b804bf6d5e12ab', 'apHNRole': '', 'lockToHNGroup': True, 'parentMacAddress': '', 'parentSSID': None, 'apName': 'AP-4834_Bridge', 'backhaulConnection': 'Wired', 'radio': '5 GHz', 'apSSID': 'APT_4834', 'parentRadio': None, 'apPrimMacAddress': '04:bf:6d:5e:12:ab', 'apMacAddress': '04:bf:6d:5e:12:a9'}]"
2019-03-06 20:45:02,,True,e0e12656-46d6-41dd-bff7-29098a87cdec,9117647e-f0d5-4dba-b93f-5c7de5432f2d,AP-4836,0,"[{'ssidType': 'NORMAL', 'apId': '8108662df1b804bf6d5e2683', 'apHNRole': '', 'lockToHNGroup': True, 'parentMacAddress': '', 'parentSSID': None, 'apName': 'AP-4836', 'backhaulConnection': 'Wired', 'radio': '2.4 GHz', 'apSSID': 'APT_4836', 'parentRadio': None, 'apPrimMacAddress': '04:bf:6d:5e:26:83', 'apMacAddress': '04:bf:6d:5e:26:80'}, {'ssidType': 'NORMAL', 'apId': '8108662df1b804bf6d5e12af', 'apHNRole': '', 'lockToHNGroup': True, 'parentMacAddress': '', 'parentSSID': None, 'apName': 'AP-4836_Bridge', 'backhaulConnection': 'Wired', 'radio': '2.4 GHz', 'apSSID': 'APT_4836', 'parentRadio': None, 'apPrimMacAddress': '04:bf:6d:5e:12:af', 'apMacAddress': '04:bf:6d:5e:12:ac'}]"
2019-03-06 20:45:02,,True,e0e12656-46d6-41dd-bff7-29098a87cdec,fd37fa7e-bc41-4554-86fe-dbc64bbf7872,AP-4840,0,"[{'ssidType': 'NORMAL', 'apId': '8108662df1b8b8eca32fbd3b', 'apHNRole': '', 'lockToHNGroup': True, 'parentMacAddress': '', 'parentSSID': None, 'apName': 'AP-4840', 'backhaulConnection': 'Wired', 'radio': '2.4 GHz', 'apSSID': 'APT_4840', 'parentRadio': None, 'apPrimMacAddress': 'b8:ec:a3:2f:bd:3b', 'apMacAddress': 'b8:ec:a3:2f:bd:38'}, {'ssidType': 'NORMAL', 'apId': '8108662df1b804bf6d5e129b', 'apHNRole': '', 'lockToHNGroup': True, 'parentMacAddress': '', 'parentSSID': None, 'apName': 'AP-4840_Bridge', 'backhaulConnection': 'Wired', 'radio': '2.4 GHz', 'apSSID': 'APT_4840', 'parentRadio': None, 'apPrimMacAddress': '04:bf:6d:5e:12:9b', 'apMacAddress': '04:bf:6d:5e:12:98'}]"
2019-03-06 21:45:02,,True,e0e12656-46d6-41dd-bff7-29098a87cdec,3d552507-1860-4ce8-9220-4ce0e867d407,AP-4826,0,"[{'apSSID': 'APT_4826', 'radio': '2.4 GHz', 'parentSSID': None, 'lockToHNGroup': True, 'backhaulConnection': 'Wired', 'apPrimMacAddress': 'b8:ec:a3:2f:bd:37', 'apName': 'AP-4826', 'parentMacAddress': '', 'parentRadio': None, 'apId': '8108662df1b8b8eca32fbd37', 'apMacAddress': 'b8:ec:a3:2f:bd:34', 'ssidType': 'NORMAL', 'apHNRole': ''}, {'apSSID': 'APT_4826', 'radio': '5 GHz', 'parentSSID': None, 'lockToHNGroup': True, 'backhaulConnection': 'Wired', 'apPrimMacAddress': '04:bf:6d:5e:12:73', 'apName': 'AP-4826_Bridge', 'parentMacAddress': '', 'parentRadio': None, 'apId': '8108662df1b804bf6d5e1273', 'apMacAddress': '04:bf:6d:5e:12:71', 'ssidType': 'NORMAL', 'apHNRole': ''}]"
2019-03-06 21:45:02,,True,e0e12656-46d6-41dd-bff7-29098a87cdec,f85598b0-b2f1-4cd3-bbe0-51ff5fb65c13,AP-4832,0,"[{'apSSID': 'APT_4832', 'radio': '2.4 GHz', 'parentSSID': None, 'lockToHNGroup': True, 'backhaulConnection': 'Wired', 'apPrimMacAddress': '04:bf:6d:5e:12:b3', 'apName': 'AP-4832', 'parentMacAddress': '', 'parentRadio': None, 'apId': '8108662df1b804bf6d5e12b3', 'apMacAddress': '04:bf:6d:5e:12:b0', 'ssidType': 'NORMAL', 'apHNRole': ''}, {'apSSID': 'APT_4832', 'radio': '2.4 GHz', 'parentSSID': None, 'lockToHNGroup': True, 'backhaulConnection': 'Wired', 'apPrimMacAddress': '04:bf:6d:5e:12:77', 'apName': 'AP-4832_Bridge', 'parentMacAddress': '', 'parentRadio': None, 'apId': '8108662df1b804bf6d5e1277', 'apMacAddress': '04:bf:6d:5e:12:74', 'ssidType': 'NORMAL', 'apHNRole': ''}]"
2019-03-06 21:45:02,,True,e0e12656-46d6-41dd-bff7-29098a87cdec,2b729697-7e15-44ae-bede-673d634477a5,AP-4834,0,"[{'apSSID': 'APT_4834', 'radio': '2.4 GHz', 'parentSSID': None, 'lockToHNGroup': True, 'backhaulConnection': 'Wired', 'apPrimMacAddress': '04:bf:6d:5e:26:7f', 'apName': 'AP-4834', 'parentMacAddress': '', 'parentRadio': None, 'apId': '8108662df1b804bf6d5e267f', 'apMacAddress': '04:bf:6d:5e:26:7c', 'ssidType': 'NORMAL', 'apHNRole': ''}, {'apSSID': 'APT_4834', 'radio': '5 GHz', 'parentSSID': None, 'lockToHNGroup': True, 'backhaulConnection': 'Wired', 'apPrimMacAddress': '04:bf:6d:5e:12:ab', 'apName': 'AP-4834_Bridge', 'parentMacAddress': '', 'parentRadio': None, 'apId': '8108662df1b804bf6d5e12ab', 'apMacAddress': '04:bf:6d:5e:12:a9', 'ssidType': 'NORMAL', 'apHNRole': ''}]"
2019-03-06 21:45:02,,True,e0e12656-46d6-41dd-bff7-29098a87cdec,9117647e-f0d5-4dba-b93f-5c7de5432f2d,AP-4836,0,"[{'apSSID': 'APT_4836', 'radio': '2.4 GHz', 'parentSSID': None, 'lockToHNGroup': True, 'backhaulConnection': 'Wired', 'apPrimMacAddress': '04:bf:6d:5e:26:83', 'apName': 'AP-4836', 'parentMacAddress': '', 'parentRadio': None, 'apId': '8108662df1b804bf6d5e2683', 'apMacAddress': '04:bf:6d:5e:26:80', 'ssidType': 'NORMAL', 'apHNRole': ''}, {'apSSID': 'APT_4836', 'radio': '2.4 GHz', 'parentSSID': None, 'lockToHNGroup': True, 'backhaulConnection': 'Wired', 'apPrimMacAddress': '04:bf:6d:5e:12:af', 'apName': 'AP-4836_Bridge', 'parentMacAddress': '', 'parentRadio': None, 'apId': '8108662df1b804bf6d5e12af', 'apMacAddress': '04:bf:6d:5e:12:ac', 'ssidType': 'NORMAL', 'apHNRole': ''}]"
2019-03-06 21:45:02,,True,e0e12656-46d6-41dd-bff7-29098a87cdec,fd37fa7e-bc41-4554-86fe-dbc64bbf7872,AP-4840,0,"[{'apSSID': 'APT_4840', 'radio': '2.4 GHz', 'parentSSID': None, 'lockToHNGroup': True, 'backhaulConnection': 'Wired', 'apPrimMacAddress': 'b8:ec:a3:2f:bd:3b', 'apName': 'AP-4840', 'parentMacAddress': '', 'parentRadio': None, 'apId': '8108662df1b8b8eca32fbd3b', 'apMacAddress': 'b8:ec:a3:2f:bd:38', 'ssidType': 'NORMAL', 'apHNRole': ''}, {'apSSID': 'APT_4840', 'radio': '2.4 GHz', 'parentSSID': None, 'lockToHNGroup': True, 'backhaulConnection': 'Wired', 'apPrimMacAddress': '04:bf:6d:5e:12:9b', 'apName': 'AP-4840_Bridge', 'parentMacAddress': '', 'parentRadio': None, 'apId': '8108662df1b804bf6d5e129b', 'apMacAddress': '04:bf:6d:5e:12:98', 'ssidType': 'NORMAL', 'apHNRole': ''}]"
2019-03-06 22:45:01,,True,e0e12656-46d6-41dd-bff7-29098a87cdec,3d552507-1860-4ce8-9220-4ce0e867d407,AP-4826,0,"[{'lockToHNGroup': True, 'parentRadio': None, 'ssidType': 'NORMAL', 'apPrimMacAddress': 'b8:ec:a3:2f:bd:37', 'apHNRole': '', 'backhaulConnection': 'Wired', 'apSSID': 'APT_4826', 'apName': 'AP-4826', 'apId': '8108662df1b8b8eca32fbd37', 'parentSSID': None, 'radio': '2.4 GHz', 'parentMacAddress': '', 'apMacAddress': 'b8:ec:a3:2f:bd:34'}, {'lockToHNGroup': True, 'parentRadio': None, 'ssidType': 'NORMAL', 'apPrimMacAddress': '04:bf:6d:5e:12:73', 'apHNRole': '', 'backhaulConnection': 'Wired', 'apSSID': 'APT_4826', 'apName': 'AP-4826_Bridge', 'apId': '8108662df1b804bf6d5e1273', 'parentSSID': None, 'radio': '5 GHz', 'parentMacAddress': '', 'apMacAddress': '04:bf:6d:5e:12:71'}]"
2019-03-06 22:45:01,,True,e0e12656-46d6-41dd-bff7-29098a87cdec,f85598b0-b2f1-4cd3-bbe0-51ff5fb65c13,AP-4832,0,"[{'lockToHNGroup': True, 'parentRadio': None, 'ssidType': 'NORMAL', 'apPrimMacAddress': '04:bf:6d:5e:12:b3', 'apHNRole': '', 'backhaulConnection': 'Wired', 'apSSID': 'APT_4832', 'apName': 'AP-4832', 'apId': '8108662df1b804bf6d5e12b3', 'parentSSID': None, 'radio': '2.4 GHz', 'parentMacAddress': '', 'apMacAddress': '04:bf:6d:5e:12:b0'}, {'lockToHNGroup': True, 'parentRadio': None, 'ssidType': 'NORMAL', 'apPrimMacAddress': '04:bf:6d:5e:12:77', 'apHNRole': '', 'backhaulConnection': 'Wired', 'apSSID': 'APT_4832', 'apName': 'AP-4832_Bridge', 'apId': '8108662df1b804bf6d5e1277', 'parentSSID': None, 'radio': '2.4 GHz', 'parentMacAddress': '', 'apMacAddress': '04:bf:6d:5e:12:74'}]"
2019-03-06 22:45:01,,True,e0e12656-46d6-41dd-bff7-29098a87cdec,2b729697-7e15-44ae-bede-673d634477a5,AP-4834,0,"[{'lockToHNGroup': True, 'parentRadio': None, 'ssidType': 'NORMAL', 'apPrimMacAddress': '04:bf:6d:5e:26:7f', 'apHNRole': '', 'backhaulConnection': 'Wired', 'apSSID': 'APT_4834', 'apName': 'AP-4834', 'apId': '8108662df1b804bf6d5e267f', 'parentSSID': None, 'radio': '2.4 GHz', 'parentMacAddress': '', 'apMacAddress': '04:bf:6d:5e:26:7c'}, {'lockToHNGroup': True, 'parentRadio': None, 'ssidType': 'NORMAL', 'apPrimMacAddress': '04:bf:6d:5e:12:ab', 'apHNRole': '', 'backhaulConnection': 'Wired', 'apSSID': 'APT_4834', 'apName': 'AP-4834_Bridge', 'apId': '8108662df1b804bf6d5e12ab', 'parentSSID': None, 'radio': '5 GHz', 'parentMacAddress': '', 'apMacAddress': '04:bf:6d:5e:12:a9'}]"
2019-03-06 22:45:01,,True,e0e12656-46d6-41dd-bff7-29098a87cdec,9117647e-f0d5-4dba-b93f-5c7de5432f2d,AP-4836,0,"[{'lockToHNGroup': True, 'parentRadio': None, 'ssidType': 'NORMAL', 'apPrimMacAddress': '04:bf:6d:5e:26:83', 'apHNRole': '', 'backhaulConnection': 'Wired', 'apSSID': 'APT_4836', 'apName': 'AP-4836', 'apId': '8108662df1b804bf6d5e2683', 'parentSSID': None, 'radio': '2.4 GHz', 'parentMacAddress': '', 'apMacAddress': '04:bf:6d:5e:26:80'}, {'lockToHNGroup': True, 'parentRadio': None, 'ssidType': 'NORMAL', 'apPrimMacAddress': '04:bf:6d:5e:12:af', 'apHNRole': '', 'backhaulConnection': 'Wired', 'apSSID': 'APT_4836', 'apName': 'AP-4836_Bridge', 'apId': '8108662df1b804bf6d5e12af', 'parentSSID': None, 'radio': '2.4 GHz', 'parentMacAddress': '', 'apMacAddress': '04:bf:6d:5e:12:ac'}]"
2019-03-06 22:45:01,,True,e0e12656-46d6-41dd-bff7-29098a87cdec,fd37fa7e-bc41-4554-86fe-dbc64bbf7872,AP-4840,0,"[{'lockToHNGroup': True, 'parentRadio': None, 'ssidType': 'NORMAL', 'apPrimMacAddress': 'b8:ec:a3:2f:bd:3b', 'apHNRole': '', 'backhaulConnection': 'Wired', 'apSSID': 'APT_4840', 'apName': 'AP-4840', 'apId': '8108662df1b8b8eca32fbd3b', 'parentSSID': None, 'radio': '2.4 GHz', 'parentMacAddress': '', 'apMacAddress': 'b8:ec:a3:2f:bd:38'}, {'lockToHNGroup': True, 'parentRadio': None, 'ssidType': 'NORMAL', 'apPrimMacAddress': '04:bf:6d:5e:12:9b', 'apHNRole': '', 'backhaulConnection': 'Wired', 'apSSID': 'APT_4840', 'apName': 'AP-4840_Bridge', 'apId': '8108662df1b804bf6d5e129b', 'parentSSID': None, 'radio': '2.4 GHz', 'parentMacAddress': '', 'apMacAddress': '04:bf:6d:5e:12:98'}]"
2019-03-06 23:45:01,,True,e0e12656-46d6-41dd-bff7-29098a87cdec,3d552507-1860-4ce8-9220-4ce0e867d407,AP-4826,0,"[{'apPrimMacAddress': 'b8:ec:a3:2f:bd:37', 'apId': '8108662df1b8b8eca32fbd37', 'apHNRole': '', 'apSSID': 'APT_4826', 'parentSSID': None, 'radio': '2.4 GHz', 'parentRadio': None, 'apName': 'AP-4826', 'apMacAddress': 'b8:ec:a3:2f:bd:34', 'ssidType': 'NORMAL', 'backhaulConnection': 'Wired', 'lockToHNGroup': True, 'parentMacAddress': ''}, {'apPrimMacAddress': '04:bf:6d:5e:12:73', 'apId': '8108662df1b804bf6d5e1273', 'apHNRole': '', 'apSSID': 'APT_4826', 'parentSSID': None, 'radio': '5 GHz', 'parentRadio': None, 'apName': 'AP-4826_Bridge', 'apMacAddress': '04:bf:6d:5e:12:71', 'ssidType': 'NORMAL', 'backhaulConnection': 'Wired', 'lockToHNGroup': True, 'parentMacAddress': ''}]"
2019-03-06 23:45:01,,True,e0e12656-46d6-41dd-bff7-29098a87cdec,f85598b0-b2f1-4cd3-bbe0-51ff5fb65c13,AP-4832,0,"[{'apPrimMacAddress': '04:bf:6d:5e:12:b3', 'apId': '8108662df1b804bf6d5e12b3', 'apHNRole': '', 'apSSID': 'APT_4832', 'parentSSID': None, 'radio': '2.4 GHz', 'parentRadio': None, 'apName': 'AP-4832', 'apMacAddress': '04:bf:6d:5e:12:b0', 'ssidType': 'NORMAL', 'backhaulConnection': 'Wired', 'lockToHNGroup': True, 'parentMacAddress': ''}, {'apPrimMacAddress': '04:bf:6d:5e:12:77', 'apId': '8108662df1b804bf6d5e1277', 'apHNRole': '', 'apSSID': 'APT_4832', 'parentSSID': None, 'radio': '2.4 GHz', 'parentRadio': None, 'apName': 'AP-4832_Bridge', 'apMacAddress': '04:bf:6d:5e:12:74', 'ssidType': 'NORMAL', 'backhaulConnection': 'Wired', 'lockToHNGroup': True, 'parentMacAddress': ''}]"
2019-03-06 23:45:01,,True,e0e12656-46d6-41dd-bff7-29098a87cdec,2b729697-7e15-44ae-bede-673d634477a5,AP-4834,0,"[{'apPrimMacAddress': '04:bf:6d:5e:26:7f', 'apId': '8108662df1b804bf6d5e267f', 'apHNRole': '', 'apSSID': 'APT_4834', 'parentSSID': None, 'radio': '2.4 GHz', 'parentRadio': None, 'apName': 'AP-4834', 'apMacAddress': '04:bf:6d:5e:26:7c', 'ssidType': 'NORMAL', 'backhaulConnection': 'Wired', 'lockToHNGroup': True, 'parentMacAddress': ''}, {'apPrimMacAddress': '04:bf:6d:5e:12:ab', 'apId': '8108662df1b804bf6d5e12ab', 'apHNRole': '', 'apSSID': 'APT_4834', 'parentSSID': None, 'radio': '5 GHz', 'parentRadio': None, 'apName': 'AP-4834_Bridge', 'apMacAddress': '04:bf:6d:5e:12:a9', 'ssidType': 'NORMAL', 'backhaulConnection': 'Wired', 'lockToHNGroup': True, 'parentMacAddress': ''}]"
2019-03-06 23:45:01,,True,e0e12656-46d6-41dd-bff7-29098a87cdec,9117647e-f0d5-4dba-b93f-5c7de5432f2d,AP-4836,0,"[{'apPrimMacAddress': '04:bf:6d:5e:26:83', 'apId': '8108662df1b804bf6d5e2683', 'apHNRole': '', 'apSSID': 'APT_4836', 'parentSSID': None, 'radio': '2.4 GHz', 'parentRadio': None, 'apName': 'AP-4836', 'apMacAddress': '04:bf:6d:5e:26:80', 'ssidType': 'NORMAL', 'backhaulConnection': 'Wired', 'lockToHNGroup': True, 'parentMacAddress': ''}, {'apPrimMacAddress': '04:bf:6d:5e:12:af', 'apId': '8108662df1b804bf6d5e12af', 'apHNRole': '', 'apSSID': 'APT_4836', 'parentSSID': None, 'radio': '2.4 GHz', 'parentRadio': None, 'apName': 'AP-4836_Bridge', 'apMacAddress': '04:bf:6d:5e:12:ac', 'ssidType': 'NORMAL', 'backhaulConnection': 'Wired', 'lockToHNGroup': True, 'parentMacAddress': ''}]"
2019-03-06 23:45:01,,True,e0e12656-46d6-41dd-bff7-29098a87cdec,fd37fa7e-bc41-4554-86fe-dbc64bbf7872,AP-4840,0,"[{'apPrimMacAddress': 'b8:ec:a3:2f:bd:3b', 'apId': '8108662df1b8b8eca32fbd3b', 'apHNRole': '', 'apSSID': 'APT_4840', 'parentSSID': None, 'radio': '2.4 GHz', 'parentRadio': None, 'apName': 'AP-4840', 'apMacAddress': 'b8:ec:a3:2f:bd:38', 'ssidType': 'NORMAL', 'backhaulConnection': 'Wired', 'lockToHNGroup': True, 'parentMacAddress': ''}, {'apPrimMacAddress': '04:bf:6d:5e:12:9b', 'apId': '8108662df1b804bf6d5e129b', 'apHNRole': '', 'apSSID': 'APT_4840', 'parentSSID': None, 'radio': '2.4 GHz', 'parentRadio': None, 'apName': 'AP-4840_Bridge', 'apMacAddress': '04:bf:6d:5e:12:98', 'ssidType': 'NORMAL', 'backhaulConnection': 'Wired', 'lockToHNGroup': True, 'parentMacAddress': ''}]"
